Date,AQI,Main Pollutant,Ozone_AQI,PM10_AQI,PM25_AQI,NO2_AQI
1/1/2017,82,PM2.5,31,23,82,16
1/2/2017,60,PM2.5,31,17,60,26
1/3/2017,56,PM2.5,27,17,56,20
1/4/2017,61,PM2.5,39,.,61,22
1/5/2017,38,Ozone,38,12,30,35
1/6/2017,82,PM2.5,27,23,82,37
1/7/2017,120,PM2.5,21,37,120,.
1/8/2017,117,PM2.5,27,34,117,.
1/9/2017,40,Ozone,40,2,8,.
1/10/2017,40,Ozone,40,2,5,.
1/11/2017,40,Ozone,40,2,7,.
1/12/2017,37,Ozone,37,7,25,.
1/13/2017,66,PM2.5,32,20,66,.
1/14/2017,90,PM2.5,33,31,90,.
1/15/2017,121,PM2.5,31,41,121,.
1/16/2017,116,PM2.5,32,.,116,.
1/17/2017,99,PM2.5,36,.,99,.
1/18/2017,131,PM2.5,31,.,131,.
1/19/2017,158,PM2.5,.,.,158,.
1/20/2017,142,PM2.5,.,50,142,.
1/21/2017,59,PM2.5,41,17,59,.
1/22/2017,39,Ozone,39,.,32,.
1/23/2017,42,Ozone,42,6,26,.
1/24/2017,42,Ozone,42,3,10,.
1/25/2017,52,PM2.5,39,12,52,.
1/26/2017,88,PM2.5,35,.,88,.
1/27/2017,82,PM2.5,.,21,82,.
1/28/2017,70,PM2.5,43,21,70,24
1/29/2017,86,PM2.5,38,27,86,19
1/30/2017,115,PM2.5,38,44,115,27
1/31/2017,136,PM2.5,31,49,136,29
2/1/2017,154,PM2.5,33,59,154,46
2/2/2017,167,PM2.5,37,71,167,36
2/3/2017,157,PM2.5,36,59,157,24
2/4/2017,40,Ozone,40,9,35,25
2/5/2017,44,Ozone,44,12,38,15
2/6/2017,46,Ozone,46,10,12,14
2/7/2017,45,Ozone,45,3,7,26
2/8/2017,41,Ozone,41,6,23,24
2/9/2017,45,PM2.5,24,10,45,28
2/10/2017,34,Ozone,34,2,10,19
2/11/2017,43,Ozone,43,3,8,8
2/12/2017,45,Ozone,45,6,15,9
2/13/2017,48,PM2.5,45,15,48,25
2/14/2017,72,PM2.5,45,26,72,33
2/15/2017,80,PM2.5,49,28,80,27
2/16/2017,81,PM2.5,41,34,81,22
2/17/2017,54,PM2.5,39,20,54,13
2/18/2017,37,Ozone,37,11,35,12
2/19/2017,39,Ozone,39,.,9,5
2/20/2017,36,Ozone,36,4,15,5
2/21/2017,44,Ozone,44,2,6,3
2/22/2017,48,Ozone,48,1,12,4
2/23/2017,43,Ozone,43,.,10,13
2/24/2017,44,Ozone,44,2,13,10
2/25/2017,42,Ozone,42,6,29,11
2/26/2017,53,PM2.5,45,7,53,8
2/27/2017,45,Ozone,45,5,16,6
2/28/2017,44,Ozone,44,6,15,22
3/1/2017,44,Ozone,44,.,10,12
3/2/2017,48,Ozone,48,16,30,25
3/3/2017,69,PM2.5,47,24,69,25
3/4/2017,49,PM2.5,47,.,49,14
3/5/2017,49,Ozone,49,21,9,0
3/6/2017,44,Ozone,44,10,3,7
3/7/2017,46,Ozone,46,3,8,1
3/8/2017,38,Ozone,38,4,9,8
3/9/2017,14,PM2.5,.,.,14,13
3/10/2017,28,Ozone,28,4,25,14
3/11/2017,42,Ozone,42,4,16,9
3/12/2017,44,Ozone,44,7,12,7
3/13/2017,43,Ozone,43,8,18,24
3/14/2017,45,Ozone,45,9,23,13
3/15/2017,45,Ozone,45,12,22,21
3/16/2017,17,PM2.5,.,.,17,8
3/17/2017,49,Ozone,49,12,16,19
3/18/2017,46,Ozone,46,19,15,8
3/19/2017,44,Ozone,44,5,15,5
3/20/2017,39,Ozone,39,10,17,17
3/21/2017,44,Ozone,44,27,17,18
3/22/2017,40,Ozone,40,.,25,5
3/23/2017,40,Ozone,40,5,0,7
3/24/2017,44,Ozone,44,9,11,17
3/25/2017,47,Ozone,47,4,8,9
3/26/2017,44,Ozone,44,3,11,9
3/27/2017,34,Ozone,34,4,4,22
3/28/2017,41,Ozone,41,3,1,3
3/29/2017,44,Ozone,44,6,10,10
3/30/2017,37,Ozone,37,3,10,7
3/31/2017,34,Ozone,34,2,2,10
4/1/2017,40,Ozone,40,6,13,5
4/2/2017,41,Ozone,41,5,13,5
4/3/2017,50,Ozone,50,6,14,17
4/4/2017,46,Ozone,46,4,5,8
4/5/2017,49,Ozone,49,7,6,11
4/6/2017,47,Ozone,47,13,14,9
4/7/2017,44,Ozone,44,13,12,4
4/8/2017,48,Ozone,48,2,10,.
4/9/2017,15,PM2.5,.,2,15,.
4/10/2017,34,PM2.5,.,6,34,.
4/11/2017,43,PM2.5,.,9,43,.
4/12/2017,41,PM2.5,.,13,41,.
4/13/2017,39,PM2.5,.,23,39,.
4/14/2017,10,PM2.5,.,3,10,.
4/15/2017,16,PM2.5,.,4,16,.
4/16/2017,25,PM2.5,.,7,25,.
4/17/2017,25,PM2.5,.,11,25,.
4/18/2017,26,PM2.5,.,6,26,.
4/19/2017,29,PM2.5,.,5,29,.
4/20/2017,35,PM2.5,.,.,35,.
4/21/2017,20,PM2.5,.,3,20,.
4/22/2017,33,PM2.5,.,6,33,.
4/23/2017,58,Ozone,58,8,37,.
4/24/2017,44,Ozone,44,4,19,.
4/25/2017,37,Ozone,37,2,9,.
4/26/2017,11,PM2.5,.,2,11,.
4/27/2017,47,Ozone,47,5,16,.
4/28/2017,36,Ozone,36,4,18,.
4/29/2017,44,Ozone,44,4,16,.
4/30/2017,39,Ozone,39,6,33,.
5/1/2017,47,Ozone,47,6,20,.
5/2/2017,40,Ozone,40,6,23,.
5/3/2017,45,Ozone,45,9,27,.
5/4/2017,46,Ozone,46,12,30,.
5/5/2017,44,Ozone,44,19,28,.
5/6/2017,47,Ozone,47,19,34,.
5/7/2017,44,Ozone,44,9,17,.
5/8/2017,34,Ozone,34,14,21,.
5/9/2017,20,PM10,.,20,16,.
5/10/2017,49,Ozone,49,.,.,.
5/11/2017,61,Ozone,61,18,23,7
5/12/2017,58,Ozone,58,0,.,6
5/13/2017,61,Ozone,61,35,15,5
5/14/2017,44,Ozone,44,11,12,5
5/15/2017,48,Ozone,48,1,.,8
5/16/2017,44,Ozone,44,18,10,6
5/17/2017,44,Ozone,44,1,8,9
5/18/2017,39,Ozone,39,2,13,5
5/19/2017,40,Ozone,40,6,11,3
5/20/2017,44,Ozone,44,6,27,8
5/21/2017,42,Ozone,42,5,15,5
5/22/2017,46,Ozone,46,10,18,7
5/23/2017,49,Ozone,49,13,30,10
5/24/2017,44,Ozone,44,17,31,8
5/25/2017,51,Ozone,51,8,14,5
5/26/2017,42,Ozone,42,10,12,5
5/27/2017,38,Ozone,38,6,14,4
5/28/2017,44,Ozone,44,9,18,4
5/29/2017,47,Ozone,47,14,28,6
5/30/2017,80,Ozone,80,18,30,7
5/31/2017,80,Ozone,80,20,37,8
6/1/2017,51,Ozone,51,26,34,9
6/2/2017,50,Ozone,50,13,29,10
6/3/2017,74,Ozone,74,14,30,7
6/4/2017,64,Ozone,64,25,40,6
6/5/2017,50,Ozone,50,37,37,9
6/6/2017,74,Ozone,74,25,33,8
6/7/2017,77,Ozone,77,29,35,7
6/8/2017,71,Ozone,71,38,35,8
6/9/2017,47,Ozone,47,.,26,5
6/10/2017,41,Ozone,41,19,13,6
6/11/2017,46,Ozone,46,22,24,4
6/12/2017,48,Ozone,48,25,28,4
6/13/2017,29,Ozone,29,6,10,5
6/14/2017,47,Ozone,47,10,27,7
6/15/2017,48,Ozone,48,13,34,8
6/16/2017,35,Ozone,35,18,29,7
6/17/2017,51,Ozone,51,10,17,6
6/18/2017,45,Ozone,45,9,18,4
6/19/2017,35,Ozone,35,14,19,8
6/20/2017,44,Ozone,44,25,35,6
6/21/2017,45,Ozone,45,26,37,7
6/22/2017,51,Ozone,51,20,21,8
6/23/2017,61,Ozone,61,24,27,8
6/24/2017,61,Ozone,61,18,27,6
6/25/2017,45,Ozone,45,18,24,5
6/26/2017,58,Ozone,58,25,30,7
6/27/2017,44,Ozone,44,26,39,6
6/28/2017,38,Ozone,38,22,29,6
6/29/2017,44,Ozone,44,18,25,5
6/30/2017,45,Ozone,45,14,20,6
7/1/2017,64,Ozone,64,19,29,5
7/2/2017,50,Ozone,50,26,38,5
7/3/2017,77,Ozone,77,30,43,7
7/4/2017,74,Ozone,74,31,55,8
7/5/2017,71,Ozone,71,35,57,7
7/6/2017,49,Ozone,49,31,46,8
7/7/2017,61,Ozone,61,30,44,7
7/8/2017,52,PM2.5,51,35,52,5
7/9/2017,49,Ozone,49,22,41,7
7/10/2017,61,Ozone,61,22,36,7
7/11/2017,61,Ozone,61,29,46,7
7/12/2017,52,PM2.5,50,37,52,10
7/13/2017,64,Ozone,64,35,52,7
7/14/2017,51,PM2.5,51,35,51,6
7/15/2017,74,Ozone,74,26,41,8
7/16/2017,45,PM2.5,44,31,45,6
7/17/2017,43,Ozone,43,26,35,6
7/18/2017,54,Ozone,54,28,37,8
7/19/2017,50,Ozone,50,33,41,9
7/20/2017,61,Ozone,61,25,40,10
7/21/2017,58,PM2.5,48,30,58,7
7/22/2017,51,Ozone,51,27,45,7
7/23/2017,51,PM2.5,45,29,51,7
7/24/2017,52,PM2.5,48,37,52,9
7/25/2017,42,PM2.5,42,19,42,8
7/26/2017,47,Ozone,47,15,34,8
7/27/2017,51,Ozone,51,19,40,11
7/28/2017,64,Ozone,64,16,35,8
7/29/2017,48,Ozone,48,19,32,7
7/30/2017,43,Ozone,43,20,39,6
7/31/2017,45,Ozone,45,21,36,12
8/1/2017,45,Ozone,45,25,35,9
8/2/2017,58,PM2.5,46,.,58,8
8/3/2017,68,PM2.5,58,44,68,12
8/4/2017,77,PM2.5,51,43,77,8
8/5/2017,62,PM2.5,48,34,62,6
8/6/2017,108,PM2.5,50,55,108,7
8/7/2017,104,PM2.5,51,52,104,15
8/8/2017,70,PM2.5,43,33,70,7
8/9/2017,55,PM2.5,47,24,55,8
8/10/2017,56,PM2.5,50,23,56,8
8/11/2017,56,PM2.5,50,30,56,6
8/12/2017,49,Ozone,49,19,24,5
8/13/2017,46,Ozone,46,16,32,8
8/14/2017,43,Ozone,43,22,41,8
8/15/2017,48,Ozone,48,13,38,9
8/16/2017,64,Ozone,64,19,38,10
8/17/2017,54,Ozone,54,23,45,8
8/18/2017,48,Ozone,48,19,33,8
8/19/2017,51,Ozone,51,22,35,8
8/20/2017,49,PM2.5,48,25,49,8
8/21/2017,52,PM2.5,47,31,52,12
8/22/2017,49,Ozone,49,30,33,8
8/23/2017,44,Ozone,44,23,20,6
8/24/2017,47,Ozone,47,15,26,8
8/25/2017,48,PM2.5,44,26,48,11
8/26/2017,47,Ozone,47,20,34,7
8/27/2017,50,PM2.5,47,20,50,5
8/28/2017,48,Ozone,48,24,47,20
8/29/2017,53,PM2.5,42,39,53,13
8/30/2017,55,PM2.5,33,28,55,11
8/31/2017,58,PM10,45,58,41,9
9/1/2017,63,PM10,54,63,51,8
9/2/2017,59,PM2.5,48,55,59,6
9/3/2017,54,PM2.5,47,42,54,7
9/4/2017,50,PM2.5,44,24,50,7
9/5/2017,108,PM2.5,43,.,108,21
9/6/2017,142,PM2.5,61,41,142,17
9/7/2017,107,PM2.5,49,28,107,10
9/8/2017,59,PM2.5,51,25,59,12
9/9/2017,48,Ozone,48,30,38,8
9/10/2017,46,Ozone,46,27,42,8
9/11/2017,47,Ozone,47,29,35,15
9/12/2017,44,Ozone,44,36,41,15
9/13/2017,41,Ozone,41,22,22,7
9/14/2017,31,Ozone,31,9,13,7
9/15/2017,66,PM2.5,37,19,66,7
9/16/2017,47,PM2.5,40,17,47,7
9/17/2017,47,Ozone,47,13,38,7
9/18/2017,46,Ozone,46,18,36,12
9/19/2017,39,Ozone,39,4,12,5
9/20/2017,36,Ozone,36,.,13,8
9/21/2017,28,Ozone,28,.,3,3
9/22/2017,32,Ozone,32,.,5,3
9/23/2017,31,Ozone,31,.,15,7
9/24/2017,23,Ozone,23,.,10,4
9/25/2017,29,Ozone,29,.,24,11
9/26/2017,35,Ozone,35,.,14,11
9/27/2017,39,Ozone,39,.,22,16
9/28/2017,44,Ozone,44,.,28,14
9/29/2017,44,Ozone,44,.,34,8
9/30/2017,41,Ozone,41,.,27,6
10/1/2017,36,Ozone,36,.,10,4
10/2/2017,35,Ozone,35,5,9,10
10/3/2017,30,Ozone,30,5,15,8
10/4/2017,35,Ozone,35,6,12,6
10/5/2017,35,Ozone,35,7,15,8
10/6/2017,37,Ozone,37,9,23,13
10/7/2017,37,Ozone,37,10,30,8
10/8/2017,37,Ozone,37,10,26,6
10/9/2017,33,Ozone,33,8,23,17
10/10/2017,54,PM2.5,39,.,54,12
10/11/2017,99,PM2.5,43,24,99,16
10/12/2017,39,Ozone,39,.,29,8
10/13/2017,41,Ozone,41,15,20,17
10/14/2017,38,Ozone,38,16,8,4
10/15/2017,39,Ozone,39,6,14,11
10/16/2017,40,Ozone,40,.,26,20
10/17/2017,37,Ozone,37,.,30,24
10/18/2017,38,Ozone,38,.,34,18
10/19/2017,44,Ozone,44,22,31,25
10/20/2017,41,Ozone,41,22,23,15
10/21/2017,38,Ozone,38,4,13,11
10/22/2017,35,Ozone,35,6,17,6
10/23/2017,40,Ozone,40,7,16,9
10/24/2017,37,Ozone,37,16,27,19
10/25/2017,41,Ozone,41,17,30,15
10/26/2017,37,Ozone,37,.,23,10
10/27/2017,40,Ozone,40,.,14,18
10/28/2017,38,Ozone,38,18,25,19
10/29/2017,38,Ozone,38,11,23,11
10/30/2017,28,Ozone,28,17,21,18
10/31/2017,34,Ozone,34,14,21,18
11/1/2017,35,Ozone,35,19,24,10
11/2/2017,34,Ozone,34,22,23,18
11/3/2017,32,Ozone,32,15,20,13
11/4/2017,37,Ozone,37,3,19,5
11/5/2017,21,Ozone,21,2,12,5
11/6/2017,34,Ozone,34,4,15,4
11/7/2017,36,Ozone,36,5,13,9
11/8/2017,35,Ozone,35,10,28,27
11/9/2017,36,PM2.5,33,16,36,18
11/10/2017,38,PM2.5,21,17,38,25
11/11/2017,40,Ozone,40,6,25,11
11/12/2017,35,Ozone,35,6,17,12
11/13/2017,33,Ozone,33,12,29,15
11/14/2017,39,Ozone,39,9,18,15
11/15/2017,27,PM2.5,27,14,27,20
11/16/2017,63,PM10,38,63,36,11
11/17/2017,40,Ozone,40,2,10,8
11/18/2017,35,Ozone,35,5,13,8
11/19/2017,36,Ozone,36,8,28,15
11/20/2017,41,PM2.5,21,13,41,17
11/21/2017,33,PM2.5,24,11,33,19
11/22/2017,28,PM2.5,21,13,28,20
11/23/2017,31,PM2.5,19,11,31,12
11/24/2017,28,Ozone,28,6,14,12
11/25/2017,24,Ozone,24,8,22,17
11/26/2017,38,PM2.5,22,12,38,19
11/27/2017,39,Ozone,39,7,10,9
11/28/2017,31,Ozone,31,6,14,24
11/29/2017,35,Ozone,35,8,26,18
11/30/2017,31,PM2.5,26,13,31,26
12/1/2017,55,PM2.5,31,16,55,19
12/2/2017,35,PM2.5,18,8,35,12
12/3/2017,38,Ozone,38,9,23,9
12/4/2017,33,Ozone,33,5,11,11
12/5/2017,30,PM2.5,28,9,30,24
12/6/2017,46,PM2.5,28,12,46,17
12/7/2017,45,PM2.5,24,11,45,22
12/8/2017,58,PM2.5,19,17,58,22
12/9/2017,55,PM2.5,19,14,55,16
12/10/2017,41,PM2.5,19,8,41,8
12/11/2017,42,PM2.5,18,11,42,21
12/12/2017,59,PM2.5,13,18,59,26
12/13/2017,62,PM2.5,12,18,62,21
12/14/2017,69,PM2.5,14,24,69,28
12/15/2017,66,PM2.5,15,29,66,31
12/16/2017,54,PM2.5,23,15,54,20
12/17/2017,29,Ozone,29,8,27,22
12/18/2017,48,PM2.5,23,15,48,27
12/19/2017,58,PM2.5,17,25,58,35
12/20/2017,42,Ozone,42,11,25,25
12/21/2017,33,Ozone,33,6,14,28
12/22/2017,34,Ozone,34,13,31,24
12/23/2017,39,Ozone,39,2,7,8
12/24/2017,32,Ozone,32,6,20,15
12/25/2017,67,PM2.5,32,18,67,23
12/26/2017,45,PM2.5,32,14,45,30
12/27/2017,68,PM2.5,28,24,68,36
12/28/2017,69,PM2.5,28,25,69,36
12/29/2017,71,PM2.5,30,28,71,32
12/30/2017,40,Ozone,40,13,34,17
12/31/2017,34,Ozone,34,6,17,21
1/1/2018,53,PM2.5,30,17,53,27
1/2/2018,60,PM2.5,29,21,60,32
1/3/2018,74,PM2.5,22,27,74,28
1/4/2018,95,PM2.5,24,37,95,28
1/5/2018,120,PM2.5,20,50,120,38
1/6/2018,96,PM2.5,19,33,96,26
1/7/2018,73,PM2.5,23,19,73,18
1/8/2018,44,PM2.5,22,10,44,17
1/9/2018,51,PM2.5,19,14,51,17
1/10/2018,39,Ozone,39,4,8,13
1/11/2018,34,Ozone,34,6,15,13
1/12/2018,35,Ozone,35,6,8,21
1/13/2018,30,Ozone,30,8,27,16
1/14/2018,33,PM2.5,30,10,33,21
1/15/2018,38,PM2.5,26,13,38,29
1/16/2018,33,PM2.5,27,13,33,28
1/17/2018,47,PM2.5,29,18,47,25
1/18/2018,54,PM2.5,22,21,54,26
1/19/2018,42,Ozone,42,7,13,10
1/20/2018,37,Ozone,37,4,12,6
1/21/2018,34,Ozone,34,6,13,14
1/22/2018,41,PM2.5,29,10,41,23
1/23/2018,64,PM2.5,22,.,64,30
1/24/2018,72,PM2.5,22,27,72,27
1/25/2018,53,PM2.5,40,19,53,19
1/26/2018,34,Ozone,34,7,17,27
1/27/2018,33,Ozone,33,9,26,14
1/28/2018,38,PM2.5,31,14,38,17
1/29/2018,45,PM2.5,25,18,45,27
1/30/2018,38,PM2.5,31,17,38,17
1/31/2018,42,Ozone,42,10,15,21
2/1/2018,36,Ozone,36,10,17,12
2/2/2018,40,PM2.5,29,14,40,16
2/3/2018,34,Ozone,34,20,11,7
2/4/2018,34,Ozone,34,21,16,5
2/5/2018,36,Ozone,36,6,5,4
2/6/2018,38,Ozone,38,4,8,13
2/7/2018,36,Ozone,36,17,18,16
2/8/2018,32,Ozone,32,11,23,21
2/9/2018,38,Ozone,38,10,12,7
2/10/2018,38,Ozone,38,5,12,13
2/11/2018,35,Ozone,35,6,14,10
2/12/2018,39,Ozone,39,11,21,14
2/13/2018,36,PM2.5,35,14,36,12
2/14/2018,39,Ozone,39,15,30,8
2/15/2018,38,Ozone,38,4,8,5
2/16/2018,40,Ozone,40,9,15,20
2/17/2018,40,Ozone,40,8,10,7
2/18/2018,38,Ozone,38,22,15,2
2/19/2018,40,Ozone,40,6,10,5
2/20/2018,42,Ozone,42,6,13,10
2/21/2018,40,Ozone,40,.,31,22
2/22/2018,60,PM2.5,43,.,60,25
2/23/2018,54,PM2.5,39,15,54,17
2/24/2018,44,Ozone,44,7,26,15
2/25/2018,45,Ozone,45,4,8,3
2/26/2018,45,Ozone,45,6,10,6
2/27/2018,44,Ozone,44,6,20,6
2/28/2018,44,Ozone,44,11,28,17
3/1/2018,51,PM2.5,43,16,51,23
3/2/2018,50,Ozone,50,22,17,7
3/3/2018,61,Ozone,61,5,14,4
3/4/2018,48,Ozone,48,1,8,2
3/5/2018,43,Ozone,43,.,8,10
3/6/2018,46,Ozone,46,.,26,19
3/7/2018,58,Ozone,58,19,55,12
3/8/2018,96,PM2.5,51,40,96,19
3/9/2018,103,PM2.5,44,42,103,25
3/10/2018,45,Ozone,45,12,33,8
3/11/2018,46,Ozone,46,8,20,16
3/12/2018,54,PM2.5,49,11,54,17
3/13/2018,46,Ozone,46,13,35,23
3/14/2018,39,Ozone,39,7,17,8
3/15/2018,42,Ozone,42,2,9,10
3/16/2018,48,Ozone,48,3,5,19
3/17/2018,48,Ozone,48,3,5,1
3/18/2018,42,Ozone,42,2,7,3
3/19/2018,41,Ozone,41,5,10,13
3/20/2018,44,Ozone,44,6,15,.
3/21/2018,37,Ozone,37,6,19,8
3/22/2018,37,Ozone,37,13,25,14
3/23/2018,44,Ozone,44,2,8,6
3/24/2018,43,Ozone,43,4,10,7
3/25/2018,46,Ozone,46,2,9,5
3/26/2018,42,Ozone,42,3,8,17
3/27/2018,43,Ozone,43,4,10,18
3/28/2018,44,Ozone,44,8,11,7
3/29/2018,44,Ozone,44,9,17,7
3/30/2018,41,Ozone,41,10,19,17
3/31/2018,42,Ozone,42,8,13,8
4/1/2018,41,Ozone,41,12,13,8
4/2/2018,42,Ozone,42,12,11,5
4/3/2018,45,Ozone,45,6,8,8
4/4/2018,42,Ozone,42,10,19,17
4/5/2018,43,Ozone,43,11,22,12
4/6/2018,37,Ozone,37,3,11,8
4/7/2018,43,Ozone,43,4,18,5
4/8/2018,41,Ozone,41,4,6,3
4/9/2018,43,Ozone,43,5,8,12
4/10/2018,40,Ozone,40,12,23,20
4/11/2018,43,Ozone,43,14,20,8
4/12/2018,44,Ozone,44,5,10,6
4/13/2018,42,Ozone,42,3,7,5
4/14/2018,42,Ozone,42,6,17,6
4/15/2018,46,Ozone,46,8,18,5
4/16/2018,48,Ozone,48,26,21,4
4/17/2018,44,Ozone,44,5,8,5
4/18/2018,44,Ozone,44,6,13,9
4/19/2018,45,Ozone,45,10,16,6
4/20/2018,45,Ozone,45,16,17,4
4/21/2018,47,Ozone,47,14,25,9
4/22/2018,46,Ozone,46,11,23,5
4/23/2018,46,Ozone,46,11,16,4
4/24/2018,42,Ozone,42,.,28,10
4/25/2018,49,Ozone,49,12,21,10
4/26/2018,50,Ozone,50,19,27,12
4/27/2018,64,Ozone,64,23,32,15
4/28/2018,51,Ozone,51,33,25,6
4/29/2018,44,Ozone,44,14,18,4
4/30/2018,35,Ozone,35,2,10,3
5/1/2018,44,Ozone,44,4,10,6
5/2/2018,37,Ozone,37,5,12,8
5/3/2018,44,Ozone,44,7,20,9
5/4/2018,47,Ozone,47,11,23,11
5/5/2018,44,Ozone,44,14,23,9
5/6/2018,54,Ozone,54,14,26,7
5/7/2018,49,Ozone,49,17,29,8
5/8/2018,58,Ozone,58,16,20,8
5/9/2018,47,Ozone,47,24,22,7
5/10/2018,43,Ozone,43,16,15,5
5/11/2018,37,Ozone,37,5,17,2
5/12/2018,41,Ozone,41,3,16,3
5/13/2018,48,Ozone,48,4,12,4
5/14/2018,50,Ozone,50,7,14,8
5/15/2018,50,Ozone,50,9,25,5
5/16/2018,58,Ozone,58,10,19,5
5/17/2018,49,Ozone,49,13,20,6
5/18/2018,67,Ozone,67,10,18,5
5/19/2018,50,Ozone,50,8,20,5
5/20/2018,49,Ozone,49,8,16,4
5/21/2018,61,Ozone,61,14,21,7
5/22/2018,22,PM2.5,.,14,22,7
5/23/2018,18,PM2.5,.,6,18,8
5/24/2018,24,PM2.5,.,12,24,6
5/25/2018,80,Ozone,80,16,27,6
5/26/2018,77,Ozone,77,19,27,4
5/27/2018,58,Ozone,58,9,17,4
5/28/2018,50,Ozone,50,8,23,4
5/29/2018,48,Ozone,48,8,43,5
5/30/2018,44,Ozone,44,12,42,8
5/31/2018,49,Ozone,49,14,33,4
6/1/2018,47,Ozone,47,6,13,8
6/2/2018,54,Ozone,54,11,23,14
6/3/2018,74,Ozone,74,11,21,5
6/4/2018,71,Ozone,71,17,23,13
6/5/2018,58,Ozone,58,19,27,6
6/6/2018,64,Ozone,64,20,29,7
6/7/2018,67,Ozone,67,29,44,7
6/8/2018,74,Ozone,74,31,47,6
6/9/2018,101,Ozone,101,42,43,6
6/10/2018,58,Ozone,58,16,18,3
6/11/2018,54,Ozone,54,18,23,4
6/12/2018,77,Ozone,77,15,20,11
6/13/2018,71,Ozone,71,26,38,5
6/14/2018,50,PM2.5,46,33,50,6
6/15/2018,51,Ozone,51,24,39,8
6/16/2018,50,Ozone,50,19,33,4
6/17/2018,52,PM2.5,42,16,52,5
6/18/2018,77,Ozone,77,9,34,5
6/19/2018,47,Ozone,47,9,18,4
6/20/2018,49,Ozone,49,11,18,5
6/21/2018,49,Ozone,49,27,24,5
6/22/2018,48,Ozone,48,15,20,6
6/23/2018,48,Ozone,48,25,32,5
6/24/2018,47,Ozone,47,12,19,3
6/25/2018,77,Ozone,77,16,21,7
6/26/2018,58,Ozone,58,26,33,8
6/27/2018,61,Ozone,61,24,35,6
6/28/2018,84,Ozone,84,34,33,6
6/29/2018,47,Ozone,47,18,17,8
6/30/2018,43,Ozone,43,13,20,7
7/1/2018,43,Ozone,43,14,29,5
7/2/2018,36,Ozone,36,21,28,6
7/3/2018,38,PM2.5,34,27,38,8
7/4/2018,80,Ozone,80,26,49,6
7/5/2018,71,Ozone,71,35,66,8
7/6/2018,67,Ozone,67,31,55,6
7/7/2018,50,Ozone,50,30,49,6
7/8/2018,64,Ozone,64,27,59,5
7/9/2018,64,Ozone,64,31,54,8
7/10/2018,71,Ozone,71,30,54,7
7/11/2018,50,Ozone,50,36,44,7
7/12/2018,51,Ozone,51,26,37,5
7/13/2018,67,Ozone,67,27,40,7
7/14/2018,51,Ozone,51,27,43,6
7/15/2018,77,Ozone,77,20,38,5
7/16/2018,54,Ozone,54,42,47,8
7/17/2018,80,Ozone,80,19,35,6
7/18/2018,90,Ozone,90,.,52,8
7/19/2018,84,Ozone,84,30,45,11
7/20/2018,64,Ozone,64,34,53,8
7/21/2018,58,Ozone,58,37,45,5
7/22/2018,51,Ozone,51,27,46,3
7/23/2018,47,Ozone,47,25,44,8
7/24/2018,50,PM2.5,50,32,50,6
7/25/2018,87,Ozone,87,42,62,8
7/26/2018,67,PM2.5,67,37,67,8
7/27/2018,61,Ozone,61,35,60,7
7/28/2018,77,Ozone,77,36,70,8
7/29/2018,66,PM2.5,64,33,66,5
7/30/2018,59,PM2.5,58,31,59,.
7/31/2018,74,Ozone,74,42,71,.
8/1/2018,87,Ozone,87,55,71,12
8/2/2018,80,Ozone,80,48,65,9
8/3/2018,100,Ozone,100,31,72,11
8/4/2018,96,PM2.5,64,47,96,8
8/5/2018,90,PM2.5,64,49,90,6
8/6/2018,71,PM2.5,58,41,71,8
8/7/2018,62,PM2.5,54,31,62,14
8/8/2018,55,PM2.5,49,31,55,12
8/9/2018,65,PM2.5,47,38,65,10
8/10/2018,65,PM2.5,64,36,65,11
8/11/2018,101,Ozone,101,48,80,8
8/12/2018,79,PM2.5,61,51,79,5
8/13/2018,70,PM2.5,54,52,70,8
8/14/2018,67,Ozone,67,44,65,13
8/15/2018,71,Ozone,71,40,57,10
8/16/2018,55,PM2.5,51,39,55,5
8/17/2018,58,Ozone,58,40,51,7
8/18/2018,53,PM2.5,51,35,53,5
8/19/2018,75,PM2.5,74,39,75,8
8/20/2018,86,PM2.5,77,57,86,8
8/21/2018,85,PM2.5,50,56,85,11
8/22/2018,81,PM2.5,58,47,81,7
8/23/2018,121,PM2.5,87,53,121,11
8/24/2018,133,PM2.5,77,59,133,15
8/25/2018,97,PM2.5,97,53,97,9
8/26/2018,84,Ozone,84,41,76,7
8/27/2018,29,PM2.5,29,23,29,8
8/28/2018,42,Ozone,42,13,12,7
8/29/2018,50,Ozone,50,25,29,8
8/30/2018,47,Ozone,47,34,37,11
8/31/2018,55,PM2.5,49,38,55,8
9/1/2018,46,PM2.5,45,39,46,6
9/2/2018,49,Ozone,49,19,30,5
9/3/2018,48,Ozone,48,33,37,5
9/4/2018,47,Ozone,47,26,38,14
9/5/2018,44,Ozone,44,22,39,11
9/6/2018,61,Ozone,61,.,43,11
9/7/2018,58,Ozone,58,.,43,13
9/8/2018,59,PM2.5,48,.,59,5
9/9/2018,87,PM2.5,54,.,87,5
9/10/2018,61,Ozone,61,.,60,15
9/11/2018,61,Ozone,61,38,55,17
9/12/2018,50,PM2.5,42,.,50,6
9/13/2018,44,Ozone,44,.,32,13
9/14/2018,43,Ozone,43,.,36,12
9/15/2018,55,PM2.5,41,.,55,6
9/16/2018,57,PM2.5,37,.,57,8
9/17/2018,45,PM2.5,43,38,45,14
9/18/2018,42,Ozone,42,.,26,11
9/19/2018,51,Ozone,51,.,43,19
9/20/2018,47,Ozone,47,.,29,10
9/21/2018,49,Ozone,49,.,30,16
9/22/2018,54,PM2.5,51,.,54,6
9/23/2018,49,PM2.5,42,32,49,4
9/24/2018,46,Ozone,46,.,33,6
9/25/2018,44,Ozone,44,.,26,11
9/26/2018,47,Ozone,47,.,41,.
9/27/2018,45,Ozone,45,.,35,.
9/28/2018,41,PM2.5,41,.,41,.
9/29/2018,69,PM2.5,48,52,69,8
9/30/2018,63,PM2.5,39,.,63,4
10/1/2018,65,PM2.5,41,.,65,16
10/2/2018,59,PM2.5,35,.,59,11
10/3/2018,40,Ozone,40,.,15,10
10/4/2018,31,Ozone,31,4,12,8
10/5/2018,44,Ozone,44,5,19,8
10/6/2018,43,Ozone,43,6,22,5
10/7/2018,35,Ozone,35,6,15,5
10/8/2018,35,Ozone,35,6,14,5
10/9/2018,25,PM2.5,25,6,25,13
10/10/2018,31,Ozone,31,3,10,4
10/11/2018,31,Ozone,31,6,20,10
10/12/2018,36,Ozone,36,7,26,10
10/13/2018,36,Ozone,36,9,25,9
10/14/2018,34,Ozone,34,3,4,5
10/15/2018,37,Ozone,37,7,13,12
10/16/2018,34,Ozone,34,11,23,15
10/17/2018,39,Ozone,39,9,16,13
10/18/2018,42,Ozone,42,9,19,8
10/19/2018,39,Ozone,39,16,36,17
10/20/2018,41,Ozone,41,17,32,15
10/21/2018,40,Ozone,40,11,20,8
10/22/2018,35,Ozone,35,10,20,16
10/23/2018,30,Ozone,30,4,13,8
10/24/2018,36,Ozone,36,8,23,13
10/25/2018,35,Ozone,35,8,22,12
10/26/2018,38,Ozone,38,8,23,15
10/27/2018,34,Ozone,34,11,27,11
10/28/2018,35,Ozone,35,9,19,11
10/29/2018,39,Ozone,39,8,12,5
10/30/2018,33,Ozone,33,8,15,21
10/31/2018,33,Ozone,33,6,15,11
11/1/2018,27,PM2.5,27,7,27,6
11/2/2018,36,Ozone,36,10,19,10
11/3/2018,40,Ozone,40,7,13,13
11/4/2018,36,Ozone,36,6,15,7
11/5/2018,40,Ozone,40,4,6,7
11/6/2018,33,Ozone,33,6,10,13
11/7/2018,37,Ozone,37,5,17,8
11/8/2018,33,Ozone,33,7,19,14
11/9/2018,34,Ozone,34,10,27,20
11/10/2018,37,Ozone,37,13,26,18
11/11/2018,34,Ozone,34,6,15,8
11/12/2018,34,Ozone,34,7,21,20
11/13/2018,32,Ozone,32,11,26,18
11/14/2018,41,PM2.5,27,20,41,23
11/15/2018,38,PM2.5,27,20,38,17
11/16/2018,50,PM2.5,25,25,50,21
11/17/2018,33,PM2.5,27,10,33,13
11/18/2018,31,Ozone,31,5,16,10
11/19/2018,31,PM2.5,29,10,31,17
11/20/2018,30,PM2.5,30,12,30,21
11/21/2018,49,PM2.5,25,20,49,29
11/22/2018,41,PM2.5,31,14,41,23
11/23/2018,37,Ozone,37,2,5,4
11/24/2018,36,Ozone,36,1,5,3
11/25/2018,31,Ozone,31,4,14,8
11/26/2018,29,PM2.5,27,8,29,17
11/27/2018,52,PM2.5,21,19,52,24
11/28/2018,57,PM2.5,14,17,57,20
11/29/2018,31,PM2.5,19,8,31,18
11/30/2018,29,Ozone,29,.,13,10
12/1/2018,33,Ozone,33,5,14,8
12/2/2018,33,Ozone,33,5,16,5
12/3/2018,31,Ozone,31,4,21,21
12/4/2018,33,PM2.5,31,.,33,16
12/5/2018,66,PM2.5,22,.,66,19
12/6/2018,81,PM2.5,21,26,81,25
12/7/2018,79,PM2.5,24,27,79,22
12/8/2018,115,PM2.5,19,43,115,19
12/9/2018,93,PM2.5,22,32,93,19
12/10/2018,71,PM2.5,28,22,71,21
12/11/2018,73,PM2.5,30,25,73,13
12/12/2018,35,PM2.5,32,10,35,10
12/13/2018,36,PM2.5,26,14,36,24
12/14/2018,59,PM2.5,26,20,59,21
12/15/2018,91,PM2.5,22,34,91,22
12/16/2018,91,PM2.5,25,31,91,22
12/17/2018,93,PM2.5,12,39,93,27
12/18/2018,75,PM2.5,27,26,75,21
12/19/2018,38,Ozone,38,6,15,18
12/20/2018,30,PM2.5,26,12,30,19
12/21/2018,35,Ozone,35,11,32,14
12/22/2018,35,Ozone,35,4,13,7
12/23/2018,27,Ozone,27,7,20,13
12/24/2018,54,PM2.5,29,14,54,9
12/25/2018,51,PM2.5,33,13,51,4
12/26/2018,33,Ozone,33,3,10,13
12/27/2018,31,Ozone,31,6,23,16
12/28/2018,41,PM2.5,32,9,41,26
12/29/2018,41,PM2.5,29,11,41,15
12/30/2018,42,PM2.5,35,8,42,8
12/31/2018,32,Ozone,32,.,13,7
1/1/2019,37,PM2.5,26,.,37,17
1/2/2019,52,PM2.5,30,.,52,24
1/3/2019,67,PM2.5,30,24,67,25
1/4/2019,108,PM2.5,28,.,108,31
1/5/2019,135,PM2.5,19,.,135,27
1/6/2019,50,PM2.5,35,.,50,23
1/7/2019,40,Ozone,40,.,7,20
1/8/2019,51,PM2.5,29,18,51,28
1/9/2019,102,PM2.5,32,41,102,37
1/10/2019,133,PM2.5,28,46,133,34
1/11/2019,137,PM2.5,31,47,137,21
1/12/2019,36,Ozone,36,8,33,6
1/13/2019,38,Ozone,38,9,33,15
1/14/2019,53,PM2.5,34,15,53,27
1/15/2019,79,PM2.5,26,31,79,23
1/16/2019,97,PM2.5,30,31,97,29
1/17/2019,38,Ozone,38,4,17,14
1/18/2019,38,Ozone,38,2,6,16
1/19/2019,38,PM2.5,33,9,38,19
1/20/2019,62,PM2.5,27,18,62,14
1/21/2019,35,Ozone,35,4,9,4
1/22/2019,34,Ozone,34,7,17,20
1/23/2019,49,PM2.5,30,14,49,13
1/24/2019,64,PM2.5,35,20,64,20
1/25/2019,48,PM2.5,35,14,48,19
1/26/2019,63,PM2.5,34,21,63,19
1/27/2019,67,PM2.5,38,21,67,24
1/28/2019,61,PM2.5,38,20,61,18
1/29/2019,41,PM2.5,40,15,41,24
1/30/2019,63,PM2.5,39,23,63,18
1/31/2019,106,PM2.5,42,42,106,29
2/1/2019,117,PM2.5,43,46,117,31
2/2/2019,81,PM2.5,34,30,81,21
2/3/2019,44,Ozone,44,2,7,6
2/4/2019,41,Ozone,41,3,4,8
2/5/2019,44,Ozone,44,2,5,4
2/6/2019,39,Ozone,39,3,10,10
2/7/2019,44,Ozone,44,5,14,12
2/8/2019,42,Ozone,42,11,37,29
2/9/2019,66,PM2.5,42,23,66,28
2/10/2019,46,Ozone,46,7,25,10
2/11/2019,44,Ozone,44,5,15,24
2/12/2019,40,PM2.5,40,15,40,30
2/13/2019,42,Ozone,42,8,32,23
2/14/2019,39,Ozone,39,5,18,8
2/15/2019,48,Ozone,48,2,4,6
2/16/2019,44,Ozone,44,2,8,7
2/17/2019,44,Ozone,44,5,21,7
2/18/2019,44,Ozone,44,6,20,5
2/19/2019,44,Ozone,44,6,21,4
2/20/2019,43,Ozone,43,5,13,3
2/21/2019,44,Ozone,44,.,32,11
2/22/2019,47,Ozone,47,.,31,12
2/23/2019,43,PM2.5,41,.,43,7
2/24/2019,43,Ozone,43,7,37,4
2/25/2019,42,Ozone,42,6,12,2
2/26/2019,41,Ozone,41,12,32,5
2/27/2019,35,Ozone,35,9,22,18
2/28/2019,38,Ozone,38,11,37,14
3/1/2019,45,Ozone,45,4,9,8
3/2/2019,45,Ozone,45,4,17,4
3/3/2019,44,Ozone,44,5,14,1
3/4/2019,43,Ozone,43,6,19,5
3/5/2019,42,Ozone,42,10,23,2
3/6/2019,34,PM2.5,33,7,34,9
3/7/2019,41,Ozone,41,2,7,8
3/8/2019,41,Ozone,41,3,10,6
3/9/2019,44,Ozone,44,4,11,8
3/10/2019,44,Ozone,44,5,18,4
3/11/2019,48,Ozone,48,8,24,13
3/12/2019,50,Ozone,50,13,33,18
3/13/2019,41,Ozone,41,3,5,1
3/14/2019,46,Ozone,46,4,10,16
3/15/2019,43,Ozone,43,6,17,25
3/16/2019,47,Ozone,47,9,26,13
3/17/2019,46,Ozone,46,8,23,15
3/18/2019,44,Ozone,44,9,24,22
3/19/2019,50,Ozone,50,9,20,26
3/20/2019,67,Ozone,67,8,13,26
3/21/2019,48,Ozone,48,11,17,10
3/22/2019,44,Ozone,44,3,12,6
3/23/2019,41,Ozone,41,4,18,6
3/24/2019,44,Ozone,44,2,12,5
3/25/2019,45,Ozone,45,7,23,22
3/26/2019,50,Ozone,50,11,31,10
3/27/2019,47,Ozone,47,14,30,14
3/28/2019,46,Ozone,46,5,9,4
3/29/2019,43,Ozone,43,4,7,5
3/30/2019,40,Ozone,40,3,11,7
3/31/2019,44,Ozone,44,.,12,8
4/1/2019,44,Ozone,44,.,18,8
4/2/2019,38,Ozone,38,.,16,5
4/3/2019,41,Ozone,41,2,7,4
4/4/2019,44,Ozone,44,3,8,8
4/5/2019,48,Ozone,48,8,14,17
4/6/2019,41,Ozone,41,2,8,4
4/7/2019,37,Ozone,37,5,12,8
4/8/2019,36,Ozone,36,.,20,9
4/9/2019,44,Ozone,44,4,12,6
4/10/2019,34,Ozone,34,2,4,0
4/11/2019,45,Ozone,45,1,5,2
4/12/2019,44,Ozone,44,2,8,4
4/13/2019,45,Ozone,45,3,8,4
4/14/2019,41,Ozone,41,3,15,4
4/15/2019,44,Ozone,44,2,8,3
4/16/2019,44,Ozone,44,1,6,5
4/17/2019,42,Ozone,42,3,11,14
4/18/2019,43,Ozone,43,6,15,13
4/19/2019,44,Ozone,44,6,18,4
4/20/2019,41,Ozone,41,9,16,5
4/21/2019,30,Ozone,30,3,11,1
4/22/2019,33,Ozone,33,3,22,4
4/23/2019,40,Ozone,40,5,23,12
4/24/2019,35,Ozone,35,7,20,4
4/25/2019,51,Ozone,51,8,19,4
4/26/2019,40,Ozone,40,11,25,8
4/27/2019,49,Ozone,49,11,17,2
4/28/2019,84,Ozone,84,11,15,1
4/29/2019,54,Ozone,54,9,12,2
4/30/2019,42,Ozone,42,5,10,3
5/1/2019,44,Ozone,44,3,13,4
5/2/2019,48,Ozone,48,6,17,9
5/3/2019,54,Ozone,54,13,23,4
5/4/2019,50,Ozone,50,12,27,7
5/5/2019,47,Ozone,47,17,28,3
5/6/2019,47,Ozone,47,18,25,6
5/7/2019,41,Ozone,41,10,21,5
5/8/2019,39,Ozone,39,6,12,4
5/9/2019,38,Ozone,38,3,11,1
5/10/2019,44,Ozone,44,7,19,6
5/11/2019,49,Ozone,49,14,25,9
5/12/2019,50,Ozone,50,11,23,5
5/13/2019,49,Ozone,49,20,28,8
5/14/2019,50,Ozone,50,23,29,5
5/15/2019,50,Ozone,50,26,23,4
5/16/2019,48,Ozone,48,15,19,2
5/17/2019,44,Ozone,44,1,7,2
5/18/2019,36,Ozone,36,2,9,2
5/19/2019,43,Ozone,43,3,20,2
5/20/2019,47,Ozone,47,3,15,4
5/21/2019,35,Ozone,35,2,4,3
5/22/2019,44,Ozone,44,2,5,0
5/23/2019,46,Ozone,46,2,8,1
5/24/2019,44,Ozone,44,2,11,5
5/25/2019,44,Ozone,44,5,14,3
5/26/2019,51,Ozone,51,6,13,3
5/27/2019,45,Ozone,45,3,10,2
5/28/2019,43,Ozone,43,2,5,4
5/29/2019,44,Ozone,44,5,11,4
5/30/2019,49,Ozone,49,6,18,7
5/31/2019,54,Ozone,54,6,16,5
6/1/2019,71,Ozone,71,8,21,3
6/2/2019,64,Ozone,64,10,21,6
6/3/2019,61,Ozone,61,13,25,5
6/4/2019,50,Ozone,50,13,25,7
6/5/2019,46,Ozone,46,10,20,4
6/6/2019,48,Ozone,48,13,17,7
6/7/2019,44,Ozone,44,18,27,1
6/8/2019,40,Ozone,40,4,8,2
6/9/2019,39,Ozone,39,5,10,3
6/10/2019,51,Ozone,51,7,13,4
6/11/2019,44,Ozone,44,10,18,5
6/12/2019,42,Ozone,42,14,21,6
6/13/2019,44,Ozone,44,14,21,5
6/14/2019,48,Ozone,48,15,21,7
6/15/2019,54,Ozone,54,15,31,5
6/16/2019,71,Ozone,71,13,23,3
6/17/2019,51,Ozone,51,20,20,3
6/18/2019,19,PM2.5,.,14,19,4
6/19/2019,64,Ozone,64,12,17,6
6/20/2019,47,Ozone,47,25,18,3
6/21/2019,40,Ozone,40,11,13,3
6/22/2019,38,Ozone,38,8,15,3
6/23/2019,42,Ozone,42,11,16,2
6/24/2019,43,Ozone,43,.,18,4
6/25/2019,51,Ozone,51,21,24,5
6/26/2019,80,Ozone,80,31,35,5
6/27/2019,61,Ozone,61,23,33,6
6/28/2019,87,Ozone,87,26,32,6
6/29/2019,61,Ozone,61,19,29,3
6/30/2019,39,Ozone,39,19,28,4
7/1/2019,46,Ozone,46,16,21,3
7/2/2019,48,Ozone,48,25,26,5
7/3/2019,46,Ozone,46,30,29,5
7/4/2019,43,Ozone,43,15,26,1
7/5/2019,71,Ozone,71,14,37,4
7/6/2019,58,Ozone,58,19,37,4
7/7/2019,47,Ozone,47,23,34,4
7/8/2019,45,Ozone,45,30,38,4
7/9/2019,51,Ozone,51,14,29,5
7/10/2019,50,Ozone,50,21,28,8
7/11/2019,42,Ozone,42,23,23,7
7/12/2019,51,Ozone,51,24,33,5
7/13/2019,42,Ozone,42,25,28,4
7/14/2019,45,Ozone,45,19,25,3
7/15/2019,44,Ozone,44,23,32,9
7/16/2019,49,Ozone,49,26,44,4
7/17/2019,44,Ozone,44,19,38,6
7/18/2019,48,Ozone,48,25,37,4
7/19/2019,44,Ozone,44,25,26,5
7/20/2019,50,Ozone,50,24,34,4
7/21/2019,52,PM2.5,51,23,52,3
7/22/2019,71,Ozone,71,25,62,8
7/23/2019,64,Ozone,64,29,47,7
7/24/2019,48,Ozone,48,22,43,4
7/25/2019,46,Ozone,46,14,45,6
7/26/2019,47,Ozone,47,33,38,5
7/27/2019,51,Ozone,51,8,38,8
7/28/2019,58,Ozone,58,13,44,14
7/29/2019,45,Ozone,45,26,29,5
7/30/2019,51,Ozone,51,21,28,7
7/31/2019,42,Ozone,42,36,33,9
8/1/2019,49,Ozone,49,19,23,10
8/2/2019,54,Ozone,54,19,25,7
8/3/2019,67,Ozone,67,21,26,4
8/4/2019,67,Ozone,67,22,23,3
8/5/2019,61,Ozone,61,26,26,5
8/6/2019,74,Ozone,74,29,38,8
8/7/2019,44,PM2.5,44,18,44,9
8/8/2019,53,PM2.5,42,11,53,8
8/9/2019,50,Ozone,50,17,28,8
8/10/2019,58,Ozone,58,20,26,8
8/11/2019,47,Ozone,47,.,29,5
8/12/2019,48,Ozone,48,12,31,7
8/13/2019,51,Ozone,51,20,27,7
8/14/2019,51,Ozone,51,26,30,9
8/15/2019,48,Ozone,48,29,32,5
8/16/2019,39,Ozone,39,25,23,8
8/17/2019,45,Ozone,45,24,24,4
8/18/2019,48,Ozone,48,19,25,4
8/19/2019,58,Ozone,58,0,26,8
8/20/2019,67,Ozone,67,26,30,9
8/21/2019,51,Ozone,51,25,27,13
8/22/2019,41,Ozone,41,27,29,8
8/23/2019,54,Ozone,54,34,31,10
8/24/2019,48,Ozone,48,25,25,7
8/25/2019,44,Ozone,44,25,31,3
8/26/2019,47,Ozone,47,22,30,8
8/27/2019,61,Ozone,61,24,31,9
8/28/2019,74,Ozone,74,29,40,14
8/29/2019,48,Ozone,48,37,33,18
8/30/2019,63,PM2.5,51,20,63,7
8/31/2019,54,PM2.5,47,21,54,7
9/1/2019,50,Ozone,50,21,48,3
9/2/2019,51,Ozone,51,26,50,6
9/3/2019,46,PM2.5,44,30,46,8
9/4/2019,49,Ozone,49,31,35,8
9/5/2019,58,Ozone,58,.,44,10
9/6/2019,53,PM2.5,44,25,53,7
9/7/2019,67,Ozone,67,20,46,7
9/8/2019,45,PM2.5,44,18,45,4
9/9/2019,49,PM2.5,46,.,49,7
9/10/2019,51,PM2.5,42,20,51,9
9/11/2019,44,Ozone,44,6,18,4
9/12/2019,45,Ozone,45,8,24,7
9/13/2019,48,Ozone,48,9,24,11
9/14/2019,50,Ozone,50,11,23,9
9/15/2019,50,Ozone,50,14,25,8
9/16/2019,50,Ozone,50,29,23,9
9/17/2019,44,Ozone,44,17,18,5
9/18/2019,51,Ozone,51,13,26,7
9/19/2019,43,Ozone,43,17,15,14
9/20/2019,36,Ozone,36,4,11,3
9/21/2019,34,Ozone,34,5,13,3
9/22/2019,36,Ozone,36,6,18,5
9/23/2019,40,Ozone,40,8,19,7
9/24/2019,35,Ozone,35,10,20,5
9/25/2019,38,Ozone,38,11,15,7
9/26/2019,40,Ozone,40,13,18,10
9/27/2019,38,Ozone,38,9,19,8
9/28/2019,20,PM2.5,.,.,20,3
9/29/2019,41,Ozone,41,.,3,4
9/30/2019,38,Ozone,38,4,15,6
10/1/2019,38,Ozone,38,6,18,15
10/2/2019,35,Ozone,35,5,17,9
10/3/2019,43,Ozone,43,8,18,16
10/4/2019,35,Ozone,35,9,18,8
10/5/2019,37,Ozone,37,4,12,7
10/6/2019,39,Ozone,39,5,16,6
10/7/2019,44,Ozone,44,.,18,23
10/8/2019,42,Ozone,42,17,30,17
10/9/2019,37,Ozone,37,12,11,6
10/10/2019,29,Ozone,29,6,8,6
10/11/2019,35,Ozone,35,8,17,11
10/12/2019,41,Ozone,41,14,22,13
10/13/2019,44,Ozone,44,18,22,9
10/14/2019,41,Ozone,41,19,30,16
10/15/2019,43,Ozone,43,19,36,15
10/16/2019,46,Ozone,46,24,33,21
10/17/2019,42,Ozone,42,32,29,18
10/18/2019,37,Ozone,37,6,16,11
10/19/2019,38,Ozone,38,4,7,10
10/20/2019,34,Ozone,34,2,3,5
10/21/2019,36,Ozone,36,4,7,8
10/22/2019,34,Ozone,34,4,10,12
10/23/2019,37,Ozone,37,4,10,8
10/24/2019,37,Ozone,37,6,18,22
10/25/2019,36,Ozone,36,8,23,21
10/26/2019,37,Ozone,37,8,16,19
10/27/2019,34,Ozone,34,3,5,2
10/28/2019,37,Ozone,37,6,14,21
10/29/2019,33,Ozone,33,.,15,6
10/30/2019,33,Ozone,33,8,18,16
10/31/2019,31,Ozone,31,.,25,25
11/1/2019,31,Ozone,31,.,28,18
11/2/2019,37,Ozone,37,11,28,18
11/3/2019,41,PM2.5,35,15,41,16
11/4/2019,35,PM2.5,35,14,35,19
11/5/2019,34,Ozone,34,13,30,17
11/6/2019,32,PM2.5,30,6,32,20
11/7/2019,32,PM2.5,32,16,32,19
11/8/2019,37,PM2.5,32,.,37,19
11/9/2019,45,PM2.5,33,.,45,21
11/10/2019,48,PM2.5,32,.,48,12
11/11/2019,37,Ozone,37,10,16,22
11/12/2019,33,Ozone,33,.,25,20
11/13/2019,35,PM2.5,34,.,35,25
11/14/2019,31,Ozone,31,19,27,26
11/15/2019,32,Ozone,32,19,31,17
11/16/2019,42,Ozone,42,15,23,12
11/17/2019,38,Ozone,38,16,28,14
11/18/2019,37,PM2.5,34,20,37,25
11/19/2019,59,PM2.5,30,26,59,21
11/20/2019,25,Ozone,25,11,18,14
11/21/2019,25,Ozone,25,5,8,7
11/22/2019,22,PM2.5,21,9,22,13
11/23/2019,37,PM2.5,26,16,37,13
11/24/2019,49,PM2.5,22,14,49,17
11/25/2019,34,Ozone,34,.,21,10
11/26/2019,30,NO2,26,.,26,30
11/27/2019,31,Ozone,31,.,24,8
11/28/2019,49,Ozone,49,.,20,.
11/29/2019,44,Ozone,44,.,11,10
11/30/2019,37,Ozone,37,.,22,25
12/1/2019,44,PM2.5,32,.,44,18
12/2/2019,89,PM2.5,27,.,89,26
12/3/2019,133,PM2.5,33,.,133,24
12/4/2019,91,PM2.5,.,.,91,.
12/5/2019,89,PM2.5,21,29,89,.
12/6/2019,108,PM2.5,25,40,108,.
12/7/2019,54,PM2.5,20,16,54,.
12/8/2019,37,PM2.5,34,10,37,.
12/9/2019,29,Ozone,29,7,19,.
12/10/2019,65,PM2.5,31,22,65,24
12/11/2019,76,PM2.5,21,29,76,25
12/12/2019,39,PM2.5,31,12,39,28
12/13/2019,36,Ozone,36,3,10,6
12/14/2019,38,Ozone,38,3,10,.
12/15/2019,33,Ozone,33,7,23,.
12/16/2019,55,PM2.5,31,15,55,12
12/17/2019,53,PM2.5,28,12,53,.
12/18/2019,76,PM2.5,20,27,76,27
12/19/2019,103,PM2.5,20,44,103,25
12/20/2019,137,PM2.5,21,55,137,33
12/21/2019,123,PM2.5,19,48,123,26
12/22/2019,147,PM2.5,15,57,147,31
12/23/2019,138,PM2.5,16,57,138,31
12/24/2019,34,PM2.5,31,16,34,24
12/25/2019,32,Ozone,32,6,22,.
12/26/2019,38,PM2.5,27,9,38,.
12/27/2019,32,Ozone,32,5,23,.
12/28/2019,33,Ozone,33,6,27,.
12/29/2019,34,PM2.5,31,9,34,.
12/30/2019,68,PM2.5,27,20,68,24
12/31/2019,75,PM2.5,26,22,75,14
1/1/2020,49,PM2.5,37,12,49,12
1/2/2020,33,Ozone,33,6,20,20
1/3/2020,55,PM2.5,31,17,55,28
1/4/2020,52,PM2.5,31,15,52,15
1/5/2020,32,Ozone,32,8,25,9
1/6/2020,32,Ozone,32,6,17,8
1/7/2020,37,PM2.5,31,15,37,25
1/8/2020,56,PM2.5,30,17,56,18
1/9/2020,37,Ozone,37,4,13,9
1/10/2020,32,Ozone,32,11,23,19
1/11/2020,32,Ozone,32,8,29,12
1/12/2020,37,Ozone,37,6,22,10
1/13/2020,36,Ozone,36,3,8,5
1/14/2020,37,Ozone,37,5,14,14
1/15/2020,35,PM2.5,33,11,35,16
1/16/2020,62,PM2.5,36,23,62,26
1/17/2020,38,Ozone,38,6,13,8
1/18/2020,37,PM2.5,34,12,37,25
1/19/2020,78,PM2.5,34,27,78,26
1/20/2020,110,PM2.5,24,41,110,26
1/21/2020,125,PM2.5,27,46,125,24
1/22/2020,54,PM2.5,37,16,54,15
1/23/2020,51,PM2.5,32,16,51,21
1/24/2020,63,PM2.5,21,18,63,18
1/25/2020,62,PM2.5,28,16,62,18
1/26/2020,57,PM2.5,25,17,57,11
1/27/2020,31,Ozone,31,5,16,11
1/28/2020,33,PM2.5,29,10,33,10
1/29/2020,34,Ozone,34,8,29,5
1/30/2020,33,Ozone,33,8,30,5
1/31/2020,43,PM2.5,29,15,43,8
2/1/2020,71,PM2.5,31,29,71,20
2/2/2020,50,PM2.5,36,17,50,13
2/3/2020,38,Ozone,38,3,8,2
2/4/2020,36,Ozone,36,8,24,23
2/5/2020,48,PM2.5,36,12,48,9
2/6/2020,42,PM2.5,31,9,42,12
2/7/2020,31,Ozone,31,2,5,8
2/8/2020,38,Ozone,38,3,9,9
2/9/2020,37,Ozone,37,5,13,11
2/10/2020,33,Ozone,33,9,26,21
2/11/2020,47,PM2.5,32,14,47,30
2/12/2020,74,PM2.5,36,29,74,22
2/13/2020,60,PM2.5,39,25,60,30
2/14/2020,36,Ozone,36,14,29,18
2/15/2020,35,Ozone,35,6,14,8
2/16/2020,38,Ozone,38,4,17,8
2/17/2020,42,Ozone,42,4,7,8
2/18/2020,40,Ozone,40,9,24,17
2/19/2020,40,Ozone,40,12,35,17
2/20/2020,42,Ozone,42,13,34,14
2/21/2020,55,PM2.5,44,23,55,21
2/22/2020,73,PM2.5,44,32,73,28
2/23/2020,79,PM2.5,47,31,79,24
2/24/2020,38,Ozone,38,7,9,10
2/25/2020,38,Ozone,38,9,19,18
2/26/2020,37,Ozone,37,13,31,21
2/27/2020,66,PM2.5,36,31,66,23
2/28/2020,67,PM2.5,44,29,67,28
2/29/2020,55,PM2.5,36,25,55,14
3/1/2020,40,Ozone,40,3,6,4
3/2/2020,36,Ozone,36,12,27,22
3/3/2020,39,PM2.5,35,15,39,24
3/4/2020,47,PM2.5,33,19,47,21
3/5/2020,48,PM2.5,38,18,48,19
3/6/2020,61,PM2.5,33,29,61,23
3/7/2020,43,PM10,41,43,28,9
3/8/2020,38,Ozone,38,5,13,5
3/9/2020,31,Ozone,31,6,25,8
3/10/2020,38,Ozone,38,3,14,7
3/11/2020,32,Ozone,32,9,18,11
3/12/2020,44,Ozone,44,8,16,6
3/13/2020,41,Ozone,41,16,27,15
3/14/2020,33,Ozone,33,6,12,7
3/15/2020,37,Ozone,37,5,7,2
3/16/2020,42,Ozone,42,8,17,10
3/17/2020,40,Ozone,40,8,16,14
3/18/2020,40,Ozone,40,4,9,5
3/19/2020,33,Ozone,33,4,13,6
3/20/2020,32,Ozone,32,5,17,15
3/21/2020,40,Ozone,40,6,16,7
3/22/2020,38,Ozone,38,5,14,11
3/23/2020,40,Ozone,40,6,10,8
3/24/2020,37,Ozone,37,.,8,19
3/25/2020,39,Ozone,39,3,10,5
3/26/2020,39,Ozone,39,3,8,6
3/27/2020,41,Ozone,41,6,15,12
3/28/2020,39,Ozone,39,8,20,5
3/29/2020,40,Ozone,40,.,16,3
3/30/2020,41,Ozone,41,.,14,5
3/31/2020,11,PM2.5,.,5,11,.
4/1/2020,41,Ozone,41,2,4,1
4/2/2020,39,Ozone,39,3,8,10
4/3/2020,42,Ozone,42,5,8,17
4/4/2020,44,Ozone,44,.,14,10
4/5/2020,39,Ozone,39,6,19,2
4/6/2020,39,Ozone,39,6,15,8
4/7/2020,36,Ozone,36,7,15,8
4/8/2020,36,Ozone,36,8,15,10
4/9/2020,42,Ozone,42,14,17,9
4/10/2020,47,Ozone,47,9,16,9
4/11/2020,39,Ozone,39,13,18,8
4/12/2020,44,Ozone,44,4,7,1
4/13/2020,46,Ozone,46,28,15,5
4/14/2020,44,Ozone,44,15,20,14
4/15/2020,35,Ozone,35,5,11,5
4/16/2020,38,Ozone,38,3,8,4
4/17/2020,44,Ozone,44,14,19,11
4/18/2020,47,Ozone,47,13,25,10
4/19/2020,42,Ozone,42,9,16,8
4/20/2020,48,Ozone,48,17,20,14
4/21/2020,49,Ozone,49,21,22,8
4/22/2020,41,Ozone,41,33,18,8
4/23/2020,39,Ozone,39,13,13,9
4/24/2020,40,Ozone,40,9,13,6
4/25/2020,40,Ozone,40,10,20,7
4/26/2020,39,Ozone,39,15,16,5
4/27/2020,36,Ozone,36,30,23,6
4/28/2020,48,Ozone,48,18,28,10
4/29/2020,45,Ozone,45,23,16,8
4/30/2020,52,PM10,40,52,27,7
5/1/2020,49,Ozone,49,18,22,7
5/2/2020,46,Ozone,46,17,29,7
5/3/2020,44,Ozone,44,11,35,3
5/4/2020,50,Ozone,50,12,12,8
5/5/2020,51,Ozone,51,24,31,10
5/6/2020,70,PM10,46,70,40,7
5/7/2020,48,Ozone,48,19,14,6
5/8/2020,49,Ozone,49,23,17,8
5/9/2020,50,Ozone,50,20,18,6
5/10/2020,48,Ozone,48,19,24,5
5/11/2020,59,PM10,49,59,38,8
5/12/2020,55,PM10,43,55,34,15
5/13/2020,43,Ozone,43,8,16,4
5/14/2020,44,Ozone,44,6,13,8
5/15/2020,41,Ozone,41,16,18,8
5/16/2020,46,Ozone,46,11,15,6
5/17/2020,45,Ozone,45,23,26,4
5/18/2020,45,Ozone,45,41,44,4
5/19/2020,56,PM2.5,44,52,56,6
5/20/2020,42,Ozone,42,17,33,5
5/21/2020,37,Ozone,37,5,12,4
5/22/2020,34,Ozone,34,8,13,4
5/23/2020,37,Ozone,37,3,7,2
5/24/2020,34,Ozone,34,4,15,4
5/25/2020,43,Ozone,43,5,33,4
5/26/2020,44,Ozone,44,12,30,9
5/27/2020,44,Ozone,44,11,24,8
5/28/2020,80,Ozone,80,21,30,12
5/29/2020,46,PM2.5,44,20,46,6
5/30/2020,45,Ozone,45,18,35,3
5/31/2020,54,PM2.5,47,27,54,5
6/1/2020,49,Ozone,49,27,36,8
6/2/2020,48,Ozone,48,31,32,7
6/3/2020,42,Ozone,42,29,38,6
6/4/2020,44,Ozone,44,26,41,5
6/5/2020,87,Ozone,87,.,52,5
6/6/2020,74,Ozone,74,17,31,2
6/7/2020,42,Ozone,42,5,21,2
6/8/2020,31,Ozone,31,4,18,3
6/9/2020,37,Ozone,37,4,8,4
6/10/2020,40,Ozone,40,6,10,5
6/11/2020,46,Ozone,46,19,19,6
6/12/2020,51,Ozone,51,29,31,8
6/13/2020,51,Ozone,51,29,34,5
6/14/2020,46,Ozone,46,9,16,2
6/15/2020,44,Ozone,44,19,21,5
6/16/2020,46,Ozone,46,8,9,3
6/17/2020,46,Ozone,46,3,5,3
6/18/2020,32,Ozone,32,9,10,5
6/19/2020,47,Ozone,47,10,17,8
6/20/2020,46,Ozone,46,15,21,4
6/21/2020,37,Ozone,37,12,21,3
6/22/2020,46,Ozone,46,17,19,3
6/23/2020,40,Ozone,40,23,26,6
6/24/2020,42,Ozone,42,20,24,4
6/25/2020,40,Ozone,40,33,24,5
6/26/2020,48,Ozone,48,20,29,4
6/27/2020,66,PM2.5,51,.,66,4
6/28/2020,49,Ozone,49,21,23,2
6/29/2020,58,Ozone,58,3,11,2
6/30/2020,34,Ozone,34,2,7,3
7/1/2020,44,Ozone,44,9,20,4
7/2/2020,48,Ozone,48,26,28,6
7/3/2020,58,Ozone,58,26,41,7
7/4/2020,48,PM2.5,44,22,48,6
7/5/2020,46,Ozone,46,18,40,4
7/6/2020,44,Ozone,44,29,30,5
7/7/2020,56,PM2.5,44,35,56,9
7/8/2020,44,Ozone,44,25,41,7
7/9/2020,71,Ozone,71,34,41,6
7/10/2020,49,Ozone,49,35,41,5
7/11/2020,49,Ozone,49,23,38,7
7/12/2020,46,Ozone,46,25,33,3
7/13/2020,39,Ozone,39,28,31,6
7/14/2020,54,Ozone,54,31,25,6
7/15/2020,58,Ozone,58,23,21,4
7/16/2020,64,Ozone,64,33,33,7
7/17/2020,47,Ozone,47,33,31,6
7/18/2020,38,Ozone,38,34,36,4
7/19/2020,46,Ozone,46,23,33,4
7/20/2020,40,PM10,34,40,29,6
7/21/2020,51,PM2.5,44,.,51,7
7/22/2020,41,PM2.5,.,33,41,8
7/23/2020,48,Ozone,48,19,31,7
7/24/2020,49,Ozone,49,32,34,4
7/25/2020,50,Ozone,50,25,38,6
7/26/2020,53,PM2.5,49,28,53,5
7/27/2020,56,PM2.5,49,34,56,10
7/28/2020,44,Ozone,44,30,27,6
7/29/2020,47,Ozone,47,12,32,7
7/30/2020,49,Ozone,49,25,37,6
7/31/2020,74,Ozone,74,32,38,8
8/1/2020,61,Ozone,61,32,42,7
8/2/2020,58,Ozone,58,22,33,4
8/3/2020,67,Ozone,67,46,47,10
8/4/2020,48,Ozone,48,38,45,6
8/5/2020,67,Ozone,67,57,42,11
8/6/2020,84,Ozone,84,31,36,11
8/7/2020,64,Ozone,64,43,39,9
8/8/2020,74,Ozone,74,30,33,6
8/9/2020,48,PM2.5,47,21,48,6
8/10/2020,49,Ozone,49,27,29,8
8/11/2020,46,Ozone,46,29,42,10
8/12/2020,52,PM2.5,46,51,52,8
8/13/2020,57,PM2.5,51,48,57,8
8/14/2020,46,PM2.5,45,37,46,7
8/15/2020,47,Ozone,47,28,36,4
8/16/2020,41,Ozone,41,22,26,5
8/17/2020,44,Ozone,44,40,42,9
8/18/2020,68,PM10,47,68,57,8
8/19/2020,74,PM10,50,74,64,8
8/20/2020,85,PM2.5,67,53,85,7
8/21/2020,159,PM2.5,126,87,159,10
8/22/2020,152,PM2.5,122,67,152,8
8/23/2020,132,PM2.5,100,60,132,5
8/24/2020,153,PM10,93,153,85,14
8/25/2020,63,PM10,48,63,62,6
8/26/2020,64,Ozone,64,31,52,17
8/27/2020,59,PM2.5,44,53,59,.
8/28/2020,60,PM2.5,49,35,60,11
8/29/2020,55,PM2.5,45,36,55,6
8/30/2020,55,PM2.5,41,38,55,5
8/31/2020,42,PM10,34,42,27,13
9/1/2020,31,Ozone,31,29,27,8
9/2/2020,34,Ozone,34,28,25,11
9/3/2020,40,PM2.5,37,31,40,8
9/4/2020,57,PM10,36,57,52,10
9/5/2020,52,PM2.5,43,32,52,7
9/6/2020,72,PM2.5,44,38,72,5
9/7/2020,156,PM10,39,156,91,7
9/8/2020,27,PM10,25,27,8,8
9/9/2020,40,PM2.5,38,35,40,18
9/10/2020,44,Ozone,44,20,33,8
9/11/2020,49,Ozone,49,35,43,10
9/12/2020,65,PM2.5,44,39,65,9
9/13/2020,71,PM2.5,44,33,71,6
9/14/2020,56,PM2.5,43,35,56,13
9/15/2020,44,PM2.5,42,43,44,18
9/16/2020,55,PM2.5,40,51,55,24
9/17/2020,73,PM2.5,43,53,73,18
9/18/2020,78,PM2.5,35,69,78,13
9/19/2020,66,PM2.5,37,40,66,8
9/20/2020,55,PM2.5,43,15,55,8
9/21/2020,60,PM2.5,46,21,60,13
9/22/2020,55,PM2.5,41,31,55,13
9/23/2020,59,PM2.5,42,30,59,15
9/24/2020,64,PM2.5,41,42,64,20
9/25/2020,72,PM2.5,39,42,72,23
9/26/2020,30,Ozone,30,22,27,5
9/27/2020,37,Ozone,37,15,20,2
9/28/2020,34,Ozone,34,22,20,19
9/29/2020,34,Ozone,34,30,23,22
9/30/2020,39,PM10,34,39,26,22
10/1/2020,34,PM2.5,32,34,34,21
10/2/2020,47,PM2.5,31,38,47,14
10/3/2020,80,PM2.5,41,44,80,9
10/4/2020,86,PM2.5,47,42,86,8
10/5/2020,74,PM2.5,37,53,74,17
10/6/2020,84,PM2.5,41,58,84,14
10/7/2020,101,PM2.5,45,62,101,27
10/8/2020,75,PM2.5,42,56,75,19
10/9/2020,62,PM2.5,39,46,62,14
10/10/2020,80,PM10,37,80,72,7
10/11/2020,40,PM2.5,34,7,40,8
10/12/2020,36,Ozone,36,11,18,25
10/13/2020,82,PM2.5,31,13,82,8
10/14/2020,41,Ozone,41,21,26,2
10/15/2020,35,Ozone,35,14,27,12
10/16/2020,35,Ozone,35,18,28,8
10/17/2020,30,Ozone,30,25,24,7
10/18/2020,27,Ozone,27,16,16,6
10/19/2020,27,Ozone,27,15,24,8
10/20/2020,51,PM2.5,30,23,51,16
10/21/2020,37,PM2.5,27,30,37,16
10/22/2020,46,PM10,35,46,36,5
10/23/2020,33,Ozone,33,28,27,19
10/24/2020,44,PM10,25,44,38,11
10/25/2020,51,PM10,28,51,26,1
10/26/2020,38,PM2.5,30,29,38,16
10/27/2020,41,PM2.5,31,35,41,19
10/28/2020,86,PM2.5,29,24,86,18
10/29/2020,57,PM2.5,29,32,57,18
10/30/2020,34,PM2.5,30,31,34,18
10/31/2020,33,Ozone,33,21,29,11
11/1/2020,35,PM2.5,31,19,35,9
11/2/2020,39,PM2.5,28,34,39,17
11/3/2020,47,PM2.5,28,45,47,20
11/4/2020,49,PM2.5,31,31,49,13
11/5/2020,38,PM2.5,30,34,38,19
11/6/2020,63,PM10,31,63,42,11
11/7/2020,36,Ozone,36,25,21,3
11/8/2020,31,Ozone,31,4,9,2
11/9/2020,24,Ozone,24,13,19,8
11/10/2020,23,PM2.5,23,6,23,5
11/11/2020,30,Ozone,30,9,15,7
11/12/2020,28,Ozone,28,7,13,14
11/13/2020,31,Ozone,31,9,20,17
11/14/2020,31,Ozone,31,4,4,7
11/15/2020,28,Ozone,28,5,8,6
11/16/2020,33,PM2.5,18,10,33,20
11/17/2020,33,PM2.5,25,22,33,19
11/18/2020,28,Ozone,28,19,16,5
11/19/2020,30,Ozone,30,14,10,18
11/20/2020,25,Ozone,25,11,15,18
11/21/2020,26,PM2.5,24,12,26,15
11/22/2020,24,PM2.5,24,9,24,18
11/23/2020,37,PM2.5,20,23,37,17
11/24/2020,49,PM2.5,26,13,49,14
11/25/2020,27,PM2.5,27,13,27,16
11/26/2020,26,Ozone,26,3,11,5
11/27/2020,23,Ozone,23,6,20,18
11/28/2020,38,PM2.5,19,12,38,17
11/29/2020,47,PM2.5,23,14,47,16
11/30/2020,48,PM2.5,23,20,48,16
12/1/2020,26,Ozone,26,12,13,25
12/2/2020,27,PM2.5,24,17,27,19
12/3/2020,26,PM2.5,24,17,26,20
12/4/2020,36,PM2.5,25,21,36,23
12/5/2020,50,PM2.5,20,21,50,21
12/6/2020,57,PM2.5,19,21,57,22
12/7/2020,54,PM2.5,19,27,54,27
12/8/2020,55,PM2.5,19,28,55,25
12/9/2020,65,PM2.5,15,35,65,29
12/10/2020,62,PM2.5,.,32,62,24
12/11/2020,61,PM2.5,18,27,61,18
12/12/2020,35,PM2.5,23,16,35,15
12/13/2020,23,Ozone,23,7,19,14
12/14/2020,28,PM2.5,28,7,28,11
12/15/2020,40,PM2.5,23,9,40,18
12/16/2020,40,PM2.5,22,11,40,32
12/17/2020,54,PM2.5,19,16,54,21
12/18/2020,39,PM2.5,.,10,39,25
12/19/2020,45,PM2.5,27,12,45,25
12/20/2020,54,PM2.5,27,16,54,23
12/21/2020,59,PM2.5,23,21,59,32
12/22/2020,34,Ozone,34,11,25,25
12/23/2020,28,Ozone,28,7,14,22
12/24/2020,52,PM2.5,25,17,52,26
12/25/2020,63,PM2.5,26,21,63,23
12/26/2020,68,PM2.5,27,19,68,15
12/27/2020,41,PM2.5,31,9,41,18
12/28/2020,49,PM2.5,.,16,49,29
12/29/2020,62,PM2.5,.,19,62,31
12/30/2020,85,PM2.5,17,.,85,28
12/31/2020,109,PM2.5,19,36,109,24
