Date,PM25
1/1/2017,21.2
1/1/2017,26.7
1/2/2017,15.9
1/2/2017,16.5
1/3/2017,13.9
1/3/2017,14.4
1/4/2017,14.4
1/4/2017,16.7
1/5/2017,7.1
1/5/2017,4.7
1/6/2017,26.9
1/6/2017,26.5
1/7/2017,33.3
1/7/2017,43.1
1/8/2017,31.9
1/8/2017,42.1
1/9/2017,2
1/9/2017,1.7
1/10/2017,0.8
1/10/2017,1.1
1/11/2017,1.2
1/11/2017,1.6
1/12/2017,4.8
1/12/2017,6.1
1/13/2017,15.4
1/13/2017,19.3
1/14/2017,24.6
1/14/2017,30.6
1/15/2017,34.5
1/15/2017,43.6
1/16/2017,30
1/16/2017,41.6
1/17/2017,29.6
1/17/2017,34.8
1/18/2017,38.3
1/18/2017,47.6
1/19/2017,62.5
1/19/2017,68.5
1/20/2017,46.5
1/20/2017,52.2
1/21/2017,14.1
1/21/2017,16.1
1/22/2017,7.6
1/22/2017,6.5
1/23/2017,4.6
1/23/2017,6.3
1/24/2017,2.4
1/24/2017,1.5
1/25/2017,9.7
1/25/2017,12.7
1/26/2017,25.4
1/26/2017,29.5
1/27/2017,14.6
1/27/2017,27
1/28/2017,18.4
1/28/2017,21.1
1/29/2017,19.6
1/29/2017,28.6
1/30/2017,36
1/30/2017,41
1/31/2017,39.3
1/31/2017,49.9
2/1/2017,58.4
2/1/2017,60.5
2/2/2017,83.3
2/2/2017,86.1
2/3/2017,66.2
2/3/2017,66
2/4/2017,8.4
2/4/2017,5.7
2/5/2017,9.2
2/5/2017,9.2
2/6/2017,2.9
2/6/2017,2.6
2/7/2017,1
2/7/2017,1.7
2/8/2017,5.5
2/8/2017,2.9
2/9/2017,7.5
2/9/2017,10.7
2/10/2017,1.5
2/10/2017,2.5
2/11/2017,1.4
2/11/2017,1.8
2/12/2017,3.7
2/12/2017,3.5
2/13/2017,11.5
2/13/2017,11.6
2/14/2017,19
2/14/2017,22.1
2/15/2017,17.5
2/15/2017,25.8
2/16/2017,22.4
2/16/2017,26.6
2/17/2017,13.4
2/17/2017,13.3
2/18/2017,7.8
2/18/2017,8.4
2/19/2017,2
2/19/2017,2.1
2/20/2017,2.4
2/20/2017,3.7
2/21/2017,1
2/21/2017,1.5
2/22/2017,0.7
2/22/2017,2.9
2/23/2017,1.5
2/23/2017,2.3
2/24/2017,2.5
2/24/2017,3.2
2/25/2017,5.7
2/25/2017,7
2/26/2017,12.9
2/26/2017,6.4
2/27/2017,2.2
2/27/2017,3.8
2/28/2017,3.7
2/28/2017,3.5
3/1/2017,2.1
3/1/2017,2.5
3/2/2017,7.1
3/2/2017,7.2
3/3/2017,16.3
3/3/2017,20.5
3/4/2017,10.1
3/4/2017,11.8
3/5/2017,1.9
3/5/2017,2.2
3/5/2017,2.2
3/6/2017,0.5
3/6/2017,0.8
3/7/2017,0.9
3/7/2017,2
3/8/2017,1.6
3/8/2017,2.2
3/9/2017,3.4
3/9/2017,2.7
3/10/2017,6
3/10/2017,3.9
3/11/2017,2
3/11/2017,3.8
3/12/2017,1.7
3/12/2017,2.8
3/13/2017,3.9
3/13/2017,4.2
3/14/2017,3.3
3/14/2017,4.8
3/14/2017,5.6
3/15/2017,3.3
3/15/2017,5.3
3/16/2017,4.1
3/17/2017,3.9
3/18/2017,3.6
3/19/2017,3.5
3/20/2017,4
3/20/2017,4.1
3/21/2017,4
3/22/2017,5.9
3/23/2017,-1
3/24/2017,2.7
3/25/2017,2
3/26/2017,2
3/26/2017,2.6
3/27/2017,0.9
3/28/2017,0.3
3/29/2017,2.3
3/30/2017,2.5
3/31/2017,0.4
4/1/2017,2.1
4/1/2017,3
4/2/2017,3.2
4/3/2017,3.3
4/4/2017,1.1
4/5/2017,1.4
4/6/2017,3.4
4/7/2017,2.9
4/7/2017,1.2
4/8/2017,0
4/8/2017,2.3
4/9/2017,0.3
4/9/2017,3.6
4/10/2017,2.6
4/10/2017,8.2
4/11/2017,4.2
4/11/2017,10.2
4/12/2017,4.8
4/12/2017,9.8
4/13/2017,5.2
4/13/2017,3.8
4/13/2017,9.3
4/14/2017,-1.4
4/14/2017,2.5
4/15/2017,2.2
4/15/2017,3.9
4/16/2017,2.3
4/16/2017,6
4/17/2017,2.1
4/17/2017,6.1
4/18/2017,3.6
4/18/2017,6.2
4/19/2017,2.9
4/19/2017,0.7
4/19/2017,7
4/20/2017,2.6
4/20/2017,8.3
4/21/2017,1
4/21/2017,4.8
4/22/2017,5.2
4/22/2017,7.9
4/23/2017,7
4/23/2017,8.9
4/24/2017,2.3
4/24/2017,4.5
4/25/2017,0.9
4/25/2017,0.2
4/25/2017,2.1
4/26/2017,1
4/26/2017,2.7
4/27/2017,1
4/27/2017,3.9
4/28/2017,2.1
4/28/2017,4.2
4/29/2017,3.1
4/29/2017,3.9
4/30/2017,4.2
4/30/2017,7.9
5/1/2017,2.9
5/1/2017,2.4
5/1/2017,4.8
5/2/2017,2
5/2/2017,5.5
5/3/2017,3
5/3/2017,6.5
5/4/2017,3.2
5/4/2017,7.1
5/5/2017,4.2
5/5/2017,6.7
5/6/2017,4.8
5/6/2017,8.1
5/7/2017,4
5/7/2017,3.4
5/8/2017,5.1
5/9/2017,3.9
5/11/2017,5.4
5/13/2017,3.4
5/13/2017,3.5
5/14/2017,2.8
5/16/2017,2.3
5/17/2017,1.2
5/17/2017,1.8
5/18/2017,1.9
5/18/2017,3.1
5/19/2017,1.2
5/19/2017,1.6
5/19/2017,2.7
5/20/2017,3.5
5/20/2017,6.5
5/21/2017,3.6
5/21/2017,3.5
5/22/2017,3.8
5/22/2017,4.4
5/23/2017,3.7
5/23/2017,7.2
5/24/2017,4.9
5/24/2017,7.4
5/25/2017,2.2
5/25/2017,2.4
5/25/2017,3.4
5/26/2017,2.1
5/26/2017,2.8
5/27/2017,2.1
5/27/2017,3.4
5/28/2017,3.9
5/28/2017,4.2
5/29/2017,4.4
5/29/2017,6.7
5/30/2017,4.6
5/30/2017,7.3
5/31/2017,5.3
5/31/2017,5.9
5/31/2017,8.8
6/1/2017,5.2
6/1/2017,8.2
6/2/2017,3.2
6/2/2017,7
6/3/2017,4.9
6/3/2017,7.1
6/4/2017,5.4
6/4/2017,9.5
6/5/2017,5.7
6/5/2017,8.9
6/6/2017,6.3
6/6/2017,5.3
6/6/2017,8
6/7/2017,7.4
6/7/2017,8.4
6/8/2017,5.7
6/8/2017,8.5
6/9/2017,4.5
6/9/2017,6.3
6/10/2017,1.6
6/10/2017,3.2
6/11/2017,3.8
6/11/2017,5.7
6/12/2017,6.6
6/12/2017,3.2
6/12/2017,5.8
6/13/2017,2.4
6/13/2017,1.9
6/14/2017,3.9
6/14/2017,6.4
6/15/2017,3.1
6/15/2017,8.2
6/16/2017,2.7
6/16/2017,6.9
6/17/2017,1.6
6/17/2017,4
6/18/2017,2.8
6/18/2017,2.4
6/18/2017,4.2
6/19/2017,3.5
6/19/2017,4.6
6/20/2017,4.2
6/20/2017,8.5
6/21/2017,5.3
6/21/2017,8.9
6/22/2017,3.5
6/22/2017,5.1
6/23/2017,3.9
6/23/2017,6.4
6/24/2017,3.8
6/24/2017,6.4
6/25/2017,4.7
6/25/2017,5.7
6/26/2017,4.5
6/26/2017,7.3
6/27/2017,4.8
6/27/2017,9.3
6/28/2017,4.1
6/28/2017,7
6/29/2017,4.3
6/29/2017,6.1
6/30/2017,4.7
6/30/2017,2.4
6/30/2017,4.9
7/1/2017,4.8
7/1/2017,6.9
7/2/2017,6.2
7/2/2017,9
7/3/2017,5.9
7/3/2017,10.4
7/4/2017,11.7
7/4/2017,14
7/5/2017,9.2
7/5/2017,15.1
7/6/2017,7.8
7/6/2017,7.8
7/6/2017,11.1
7/7/2017,7.6
7/7/2017,10.5
7/8/2017,7.7
7/8/2017,12.7
7/9/2017,5.6
7/9/2017,9.9
7/10/2017,5.2
7/10/2017,8.6
7/11/2017,7.2
7/11/2017,11
7/12/2017,8.6
7/12/2017,8.6
7/12/2017,12.5
7/13/2017,8.2
7/13/2017,12.8
7/14/2017,8.4
7/14/2017,12.1
7/15/2017,6.5
7/15/2017,9.9
7/16/2017,5.9
7/16/2017,10.8
7/17/2017,6.1
7/17/2017,8.5
7/18/2017,8.4
7/18/2017,7
7/18/2017,8.9
7/19/2017,9.3
7/19/2017,9.9
7/20/2017,5.1
7/20/2017,9.6
7/21/2017,7.2
7/21/2017,15.4
7/22/2017,7.4
7/22/2017,10.8
7/23/2017,9.9
7/23/2017,12.3
7/24/2017,9.2
7/24/2017,7.6
7/24/2017,12.6
7/25/2017,7.2
7/25/2017,5.5
7/25/2017,10
7/26/2017,4.9
7/26/2017,4.5
7/26/2017,8.1
7/27/2017,7
7/27/2017,9.5
7/28/2017,5.4
7/28/2017,8.5
7/29/2017,5.1
7/29/2017,7.7
7/30/2017,5.4
7/30/2017,9.4
7/31/2017,7.2
7/31/2017,8.6
8/1/2017,8
8/1/2017,8.3
8/2/2017,12.3
8/2/2017,15.3
8/3/2017,18.9
8/3/2017,20.2
8/4/2017,22.6
8/4/2017,24.5
8/5/2017,15
8/5/2017,17.4
8/6/2017,35.2
8/6/2017,38.5
8/7/2017,32.6
8/7/2017,36.7
8/8/2017,17.5
8/8/2017,21
8/9/2017,11.1
8/9/2017,13.9
8/10/2017,11.2
8/10/2017,14.6
8/11/2017,12.5
8/11/2017,14.7
8/12/2017,5.7
8/12/2017,5.1
8/13/2017,6.4
8/13/2017,7.7
8/14/2017,7.4
8/14/2017,9.9
8/15/2017,6.1
8/15/2017,9.1
8/16/2017,7.5
8/16/2017,9.2
8/17/2017,7.3
8/17/2017,10.9
8/18/2017,6.2
8/18/2017,7.9
8/19/2017,7.3
8/19/2017,8.4
8/20/2017,9.4
8/20/2017,11.8
8/21/2017,9.9
8/21/2017,12.7
8/22/2017,7.8
8/22/2017,7.9
8/23/2017,4.9
8/23/2017,4.8
8/24/2017,5.2
8/24/2017,6.2
8/25/2017,8.6
8/25/2017,11.5
8/26/2017,6.2
8/26/2017,8.1
8/27/2017,8.9
8/27/2017,12
8/28/2017,9.8
8/28/2017,11.3
8/29/2017,10.2
8/29/2017,13.2
8/30/2017,11.6
8/30/2017,14
8/31/2017,9.8
8/31/2017,8.6
9/1/2017,12.3
9/1/2017,11
9/2/2017,15.8
9/2/2017,15.2
9/3/2017,12.5
9/3/2017,13.6
9/4/2017,11.1
9/4/2017,12
9/5/2017,38.2
9/5/2017,37.1
9/6/2017,47.2
9/6/2017,52.3
9/7/2017,34.4
9/7/2017,37.9
9/8/2017,15.2
9/8/2017,16
9/9/2017,8.6
9/9/2017,9.2
9/10/2017,7.4
9/10/2017,10.1
9/11/2017,7.2
9/11/2017,8.3
9/12/2017,7.9
9/12/2017,9.9
9/13/2017,4.3
9/13/2017,5.2
9/14/2017,3
9/15/2017,19.1
9/16/2017,9.5
9/16/2017,11.2
9/17/2017,9
9/18/2017,8.6
9/19/2017,2.8
9/20/2017,3.1
9/21/2017,0.7
9/22/2017,1
9/22/2017,1.2
9/23/2017,3.7
9/24/2017,2.3
9/25/2017,5.8
9/26/2017,3.4
9/27/2017,5.3
9/28/2017,3.2
9/28/2017,6.6
9/29/2017,5.1
9/29/2017,8.1
9/30/2017,4.4
9/30/2017,6.4
10/1/2017,1.1
10/1/2017,2.4
10/2/2017,1.5
10/2/2017,2.1
10/3/2017,2.7
10/3/2017,3.6
10/4/2017,2.3
10/4/2017,2
10/4/2017,2.8
10/5/2017,2
10/5/2017,3.7
10/6/2017,2.4
10/6/2017,5.4
10/7/2017,2.5
10/7/2017,7.3
10/8/2017,2.7
10/8/2017,6.3
10/9/2017,2.3
10/9/2017,5.5
10/10/2017,3.1
10/10/2017,3.9
10/10/2017,13.6
10/11/2017,7
10/11/2017,34.7
10/12/2017,6.9
10/13/2017,4.8
10/14/2017,2
10/15/2017,3.4
10/16/2017,4.8
10/16/2017,6.3
10/17/2017,7.2
10/18/2017,8.1
10/19/2017,7.5
10/20/2017,5.5
10/21/2017,3.2
10/22/2017,1.6
10/22/2017,4
10/23/2017,3.9
10/24/2017,6.4
10/25/2017,7.3
10/26/2017,5.4
10/27/2017,3.3
10/28/2017,5.3
10/28/2017,5.9
10/29/2017,5.4
10/30/2017,5.1
10/31/2017,5
10/31/2017,4.7
11/1/2017,5.7
11/1/2017,4
11/2/2017,5.5
11/2/2017,5
11/3/2017,4.7
11/3/2017,4.5
11/3/2017,4.6
11/4/2017,4.6
11/4/2017,2.8
11/5/2017,2.8
11/5/2017,2.5
11/6/2017,3.7
11/6/2017,3
11/7/2017,3.2
11/7/2017,1.7
11/8/2017,6.8
11/8/2017,5.5
11/9/2017,7.8
11/9/2017,8.7
11/9/2017,5.3
11/10/2017,9.2
11/10/2017,4.9
11/11/2017,6.1
11/11/2017,3.2
11/12/2017,4.1
11/12/2017,3.3
11/13/2017,7
11/13/2017,5.9
11/14/2017,4.4
11/14/2017,2.9
11/15/2017,6.3
11/15/2017,6.5
11/15/2017,4.9
11/16/2017,8.7
11/16/2017,8
11/17/2017,2.5
11/17/2017,0.8
11/18/2017,3.2
11/18/2017,2.2
11/19/2017,6.7
11/19/2017,5
11/20/2017,9.9
11/20/2017,6.4
11/21/2017,7.4
11/21/2017,7.8
11/21/2017,5.1
11/22/2017,6
11/22/2017,6.7
11/23/2017,7.1
11/23/2017,7.5
11/24/2017,3.1
11/24/2017,3.3
11/25/2017,5.3
11/25/2017,4.9
11/26/2017,7.8
11/26/2017,9.2
11/27/2017,2.5
11/27/2017,2.3
11/27/2017,1.9
11/28/2017,3.1
11/28/2017,3.4
11/29/2017,6
11/29/2017,6.2
11/30/2017,7.4
11/30/2017,7
12/1/2017,11.5
12/1/2017,13.8
12/2/2017,8.5
12/2/2017,8.5
12/3/2017,5.5
12/3/2017,5.3
12/3/2017,5.5
12/4/2017,2.6
12/4/2017,2
12/5/2017,6.6
12/5/2017,7.3
12/6/2017,7.4
12/6/2017,11
12/7/2017,8.6
12/7/2017,10.8
12/8/2017,13.8
12/8/2017,15.5
12/9/2017,12.7
12/9/2017,11.3
12/9/2017,13.9
12/10/2017,8.2
12/10/2017,9.8
12/11/2017,8.6
12/11/2017,10.1
12/12/2017,14
12/12/2017,15.7
12/13/2017,14.9
12/13/2017,17.2
12/14/2017,16.1
12/14/2017,20.8
12/15/2017,19.2
12/15/2017,15.2
12/15/2017,18.9
12/16/2017,11.3
12/16/2017,13.3
12/17/2017,6.1
12/17/2017,6.5
12/18/2017,11.3
12/18/2017,11.5
12/19/2017,13
12/19/2017,15.3
12/20/2017,4.9
12/20/2017,6.1
12/21/2017,2.9
12/21/2017,3.3
12/21/2017,3
12/22/2017,6.4
12/22/2017,7.5
12/23/2017,1.6
12/23/2017,1.6
12/24/2017,4.7
12/24/2017,3.9
12/25/2017,14.6
12/25/2017,19.6
12/26/2017,10.6
12/26/2017,10.7
12/27/2017,17.8
12/27/2017,20.4
12/28/2017,18
12/28/2017,20.8
12/29/2017,18.9
12/29/2017,21.5
12/30/2017,6.8
12/30/2017,8.2
12/31/2017,4
12/31/2017,3.5
1/1/2018,12
1/1/2018,13.1
1/2/2018,11.9
1/2/2018,16.6
1/3/2018,21.5
1/3/2018,23.1
1/4/2018,25.8
1/4/2018,32.9
1/5/2018,36.9
1/5/2018,43.2
1/6/2018,28.4
1/6/2018,33.6
1/7/2018,17.1
1/7/2018,22.5
1/8/2018,9.8
1/8/2018,8.4
1/8/2018,10.6
1/9/2018,10.7
1/9/2018,12.3
1/10/2018,2
1/10/2018,1.4
1/11/2018,3.4
1/11/2018,3.6
1/12/2018,1.6
1/12/2018,2
1/13/2018,4.7
1/13/2018,6.4
1/14/2018,6.9
1/14/2018,6
1/14/2018,7.9
1/15/2018,7.6
1/15/2018,9.2
1/16/2018,7
1/16/2018,8
1/17/2018,10.3
1/17/2018,11.2
1/18/2018,11.6
1/18/2018,13.4
1/19/2018,3
1/19/2018,2.4
1/20/2018,2.7
1/20/2018,2.8
1/20/2018,1.7
1/21/2018,3.2
1/21/2018,2.8
1/22/2018,9.8
1/22/2018,7.8
1/23/2018,14.6
1/23/2018,18.5
1/24/2018,18.3
1/24/2018,22.3
1/25/2018,12.1
1/25/2018,12.9
1/26/2018,4.1
1/26/2018,3.7
1/26/2018,3.4
1/27/2018,5.6
1/27/2018,6.2
1/28/2018,8.1
1/28/2018,9
1/29/2018,10.4
1/29/2018,10.9
1/30/2018,8.4
1/30/2018,9
1/31/2018,3.7
1/31/2018,3.3
2/1/2018,3.8
2/1/2018,4
2/1/2018,3.9
2/1/2018,3.8
2/2/2018,7.6
2/2/2018,9.5
2/3/2018,2.7
2/3/2018,2.3
2/3/2018,2.7
2/4/2018,3.4
2/4/2018,3
2/4/2018,3.9
2/5/2018,1.3
2/5/2018,1.2
2/5/2018,1.3
2/6/2018,1.9
2/6/2018,1.2
2/7/2018,3
2/7/2018,3.3
2/7/2018,4.4
2/7/2018,3.6
2/8/2018,3.1
2/8/2018,5.5
2/8/2018,3.8
2/9/2018,1.8
2/9/2018,2.9
2/9/2018,1.7
2/10/2018,1.9
2/10/2018,2.9
2/10/2018,1.9
2/11/2018,2.9
2/11/2018,3
2/11/2018,3.4
2/12/2018,4.5
2/12/2018,4.2
2/12/2018,5.1
2/13/2018,6.7
2/13/2018,7.1
2/13/2018,6.5
2/13/2018,8.6
2/14/2018,6.6
2/14/2018,7
2/14/2018,7.3
2/15/2018,1.5
2/15/2018,2
2/15/2018,1.3
2/16/2018,3.2
2/16/2018,3.3
2/16/2018,3.7
2/17/2018,2.1
2/17/2018,1.5
2/17/2018,2.3
2/18/2018,3.3
2/18/2018,3.1
2/18/2018,3.5
2/19/2018,2.1
2/19/2018,2.1
2/19/2018,2.3
2/19/2018,1
2/20/2018,3.2
2/20/2018,2.7
2/20/2018,2.6
2/21/2018,7.5
2/21/2018,5.6
2/21/2018,7
2/22/2018,14.2
2/22/2018,12.4
2/22/2018,16.4
2/23/2018,12.5
2/23/2018,12.3
2/23/2018,13.5
2/24/2018,5.5
2/24/2018,6.2
2/24/2018,5
2/25/2018,1.9
2/25/2018,1
2/25/2018,1.5
2/25/2018,1.4
2/26/2018,2.3
2/26/2018,2.1
2/26/2018,1.6
2/27/2018,4.9
2/27/2018,4
2/27/2018,4.5
2/28/2018,6.6
2/28/2018,6
2/28/2018,5.8
3/1/2018,10.8
3/1/2018,9.6
3/1/2018,12.2
3/2/2018,3.6
3/2/2018,3.6
3/2/2018,4
3/3/2018,3.2
3/3/2018,3.3
3/3/2018,3
3/4/2018,0.6
3/4/2018,1.9
3/4/2018,0.5
3/5/2018,1.5
3/5/2018,1.9
3/5/2018,1.4
3/6/2018,6.3
3/6/2018,5.2
3/7/2018,12.3
3/7/2018,13.9
3/7/2018,13
3/8/2018,28.9
3/8/2018,26.1
3/8/2018,33.4
3/9/2018,29.7
3/9/2018,33.8
3/9/2018,29.7
3/9/2018,36.3
3/10/2018,7.5
3/10/2018,7.5
3/10/2018,7.9
3/11/2018,4.9
3/11/2018,4.1
3/11/2018,3.1
3/12/2018,6.6
3/12/2018,5.8
3/12/2018,8.3
3/12/2018,13.6
3/13/2018,6.6
3/13/2018,6.1
3/13/2018,7.7
3/13/2018,8.5
3/14/2018,3.5
3/14/2018,3.3
3/14/2018,3.9
3/14/2018,4.1
3/15/2018,1.5
3/15/2018,1.5
3/15/2018,1.2
3/15/2018,2
3/15/2018,2.1
3/16/2018,1
3/16/2018,1
3/16/2018,1.1
3/16/2018,1
3/17/2018,1.1
3/17/2018,1.3
3/17/2018,1.1
3/17/2018,0.8
3/18/2018,1
3/18/2018,1.6
3/18/2018,1
3/18/2018,1.2
3/19/2018,2.4
3/19/2018,2.1
3/19/2018,1.8
3/19/2018,2
3/20/2018,2.9
3/20/2018,3.4
3/20/2018,3.4
3/20/2018,3.6
3/21/2018,4.1
3/21/2018,4.2
3/21/2018,4.3
3/21/2018,4.3
3/21/2018,4.6
3/22/2018,4.9
3/22/2018,5.2
3/22/2018,5.6
3/22/2018,6.1
3/23/2018,1
3/23/2018,1.8
3/23/2018,1.2
3/23/2018,0.7
3/24/2018,1.9
3/24/2018,2.3
3/24/2018,2
3/24/2018,1.5
3/25/2018,1.6
3/25/2018,2.1
3/25/2018,1.8
3/25/2018,1.3
3/26/2018,1.7
3/26/2018,2
3/26/2018,1.4
3/26/2018,1.1
3/27/2018,1.6
3/27/2018,1.8
3/27/2018,2.4
3/27/2018,1.6
3/27/2018,1.2
3/28/2018,2.3
3/28/2018,2.2
3/28/2018,2.7
3/28/2018,2.2
3/29/2018,3.1
3/29/2018,2.6
3/29/2018,4.1
3/29/2018,3.5
3/30/2018,3.2
3/30/2018,3.5
3/30/2018,4
3/30/2018,4.5
3/31/2018,2.6
3/31/2018,2.2
3/31/2018,3
3/31/2018,2.8
4/1/2018,2.4
4/1/2018,2
4/1/2018,3
4/1/2018,3.2
4/2/2018,2.1
4/2/2018,2.1
4/2/2018,2.7
4/2/2018,1.8
4/2/2018,1.8
4/3/2018,2
4/3/2018,1.9
4/3/2018,1.8
4/4/2018,3.4
4/4/2018,3.1
4/4/2018,4.6
4/4/2018,4.4
4/5/2018,3.8
4/5/2018,4
4/5/2018,5.2
4/5/2018,4.6
4/6/2018,2.1
4/6/2018,2
4/6/2018,2.6
4/6/2018,2.1
4/7/2018,2.4
4/7/2018,2.8
4/7/2018,4.2
4/7/2018,3.8
4/8/2018,1.5
4/8/2018,1.4
4/8/2018,0.8
4/8/2018,1.2
4/8/2018,1.3
4/9/2018,1.6
4/9/2018,1.9
4/9/2018,1.2
4/9/2018,1.1
4/10/2018,4.7
4/10/2018,4
4/10/2018,5.4
4/10/2018,4.5
4/11/2018,4.2
4/11/2018,4.8
4/11/2018,4.2
4/11/2018,4.5
4/12/2018,1.4
4/12/2018,2.5
4/12/2018,1.6
4/12/2018,1.2
4/13/2018,1.3
4/13/2018,1.7
4/13/2018,1.7
4/13/2018,1
4/14/2018,2.4
4/14/2018,2.4
4/14/2018,2.8
4/14/2018,4.1
4/14/2018,2.1
4/15/2018,3.4
4/15/2018,3.7
4/15/2018,4.4
4/15/2018,4.4
4/16/2018,5.1
4/16/2018,3.7
4/16/2018,4.5
4/16/2018,4.3
4/17/2018,1.2
4/17/2018,1.7
4/17/2018,1.8
4/17/2018,1.4
4/18/2018,1.9
4/18/2018,2.3
4/18/2018,3.1
4/18/2018,2.4
4/19/2018,2.4
4/19/2018,2.8
4/19/2018,3.5
4/19/2018,3.9
4/20/2018,3.5
4/20/2018,3.4
4/20/2018,3.1
4/20/2018,4.1
4/20/2018,4.1
4/21/2018,4.2
4/21/2018,5.3
4/21/2018,5.3
4/21/2018,5.9
4/22/2018,3.5
4/22/2018,2.9
4/22/2018,5
4/22/2018,5.4
4/23/2018,3.5
4/23/2018,3.9
4/23/2018,3.8
4/23/2018,3.8
4/24/2018,3
4/24/2018,3.5
4/24/2018,5.1
4/24/2018,6.7
4/25/2018,3.7
4/25/2018,3.9
4/25/2018,5
4/25/2018,4.7
4/26/2018,4.6
4/26/2018,5.2
4/26/2018,4.8
4/26/2018,6.5
4/26/2018,5.9
4/27/2018,5.2
4/27/2018,7.7
4/27/2018,6.5
4/27/2018,6.6
4/28/2018,5.1
4/28/2018,5.6
4/28/2018,5.6
4/28/2018,5.9
4/29/2018,3.3
4/29/2018,3.9
4/29/2018,3.9
4/29/2018,4.4
4/30/2018,1.2
4/30/2018,2.3
4/30/2018,1.5
4/30/2018,1.6
5/1/2018,1.3
5/1/2018,2.4
5/1/2018,1.8
5/1/2018,1.9
5/2/2018,2
5/2/2018,1.9
5/2/2018,2.9
5/2/2018,2.3
5/2/2018,2.7
5/3/2018,2.9
5/3/2018,4.7
5/3/2018,4.8
5/3/2018,4.7
5/4/2018,4
5/4/2018,5.1
5/4/2018,5.5
5/4/2018,5
5/5/2018,4.3
5/5/2018,5.4
5/5/2018,5.4
5/5/2018,5.6
5/6/2018,4.7
5/6/2018,6.3
5/6/2018,5.7
5/6/2018,6
5/7/2018,4.9
5/7/2018,7
5/7/2018,5.8
5/7/2018,5.9
5/8/2018,3.9
5/8/2018,3.9
5/8/2018,4.5
5/8/2018,4.7
5/8/2018,4.8
5/9/2018,4.4
5/9/2018,2.6
5/9/2018,5.3
5/9/2018,5.3
5/10/2018,3.4
5/10/2018,3
5/10/2018,3.5
5/10/2018,3.7
5/11/2018,2.7
5/11/2018,4.1
5/11/2018,3.3
5/11/2018,3.2
5/12/2018,2.3
5/12/2018,3.8
5/12/2018,3.1
5/12/2018,3
5/13/2018,1.6
5/13/2018,2.9
5/13/2018,1.6
5/13/2018,1.5
5/14/2018,2.7
5/14/2018,2.5
5/14/2018,3.4
5/14/2018,2.7
5/14/2018,2.9
5/15/2018,3.8
5/15/2018,4.5
5/15/2018,5.4
5/15/2018,6
5/16/2018,3.4
5/16/2018,3.8
5/16/2018,3.9
5/16/2018,4.5
5/17/2018,3.9
5/17/2018,3.2
5/17/2018,4.9
5/17/2018,4.6
5/18/2018,3.8
5/18/2018,2.9
5/18/2018,4.4
5/18/2018,3.9
5/19/2018,3.3
5/19/2018,4.3
5/19/2018,4.5
5/19/2018,4.7
5/20/2018,3
5/20/2018,3.1
5/20/2018,3.7
5/20/2018,3.8
5/20/2018,3.2
5/21/2018,3.7
5/21/2018,4.1
5/21/2018,5.1
5/21/2018,4.9
5/22/2018,3.7
5/22/2018,4.7
5/22/2018,5
5/22/2018,5.3
5/23/2018,2.1
5/23/2018,4.2
5/23/2018,2.9
5/23/2018,2.7
5/24/2018,3.6
5/24/2018,5.7
5/24/2018,5.8
5/24/2018,5
5/25/2018,4.8
5/25/2018,5.6
5/25/2018,6.5
5/25/2018,6.2
5/26/2018,4.6
5/26/2018,5.3
5/26/2018,6.1
5/26/2018,6.2
5/26/2018,6.4
5/27/2018,3.3
5/27/2018,3.6
5/27/2018,3.9
5/27/2018,4
5/28/2018,3.1
5/28/2018,4.9
5/28/2018,5.4
5/28/2018,5.2
5/29/2018,4.1
5/29/2018,10.2
5/29/2018,6.4
5/29/2018,6.2
5/30/2018,4.3
5/30/2018,10
5/30/2018,6
5/30/2018,6.1
5/31/2018,3.5
5/31/2018,8
5/31/2018,4.1
5/31/2018,4.3
6/1/2018,2.3
6/1/2018,2.6
6/1/2018,-2.3
6/1/2018,2.7
6/1/2018,3.2
6/2/2018,4.6
6/2/2018,1.8
6/2/2018,5.5
6/2/2018,5.6
6/3/2018,4.3
6/3/2018,3.8
6/3/2018,5
6/3/2018,4.9
6/4/2018,4.9
6/4/2018,4.6
6/4/2018,5.5
6/4/2018,5.5
6/5/2018,4.7
6/5/2018,5.7
6/5/2018,6.5
6/5/2018,5.4
6/6/2018,5.2
6/6/2018,5.6
6/6/2018,6.3
6/6/2018,7
6/7/2018,5.8
6/7/2018,6.7
6/7/2018,5.2
6/7/2018,7.4
6/7/2018,10.5
6/8/2018,6.9
6/8/2018,5
6/8/2018,8.1
6/8/2018,11.3
6/9/2018,8.2
6/9/2018,6.1
6/9/2018,9
6/9/2018,10.3
6/10/2018,2.4
6/10/2018,2.6
6/10/2018,1.9
6/10/2018,4.2
6/11/2018,3.3
6/11/2018,2.5
6/11/2018,4.2
6/11/2018,5.6
6/12/2018,3
6/12/2018,3.8
6/12/2018,4.8
6/13/2018,5.3
6/13/2018,5.9
6/13/2018,5.4
6/13/2018,9.2
6/14/2018,6.8
6/14/2018,7.3
6/14/2018,11.9
6/15/2018,6.2
6/15/2018,4.5
6/15/2018,9.3
6/16/2018,4.2
6/16/2018,5.4
6/16/2018,8
6/17/2018,5.1
6/17/2018,12.4
6/17/2018,7.4
6/18/2018,4.1
6/18/2018,8.1
6/18/2018,4.8
6/19/2018,3.8
6/19/2018,3
6/19/2018,2.8
6/19/2018,4.2
6/19/2018,4.1
6/20/2018,3.8
6/20/2018,3.4
6/20/2018,4.3
6/20/2018,4.3
6/21/2018,5.2
6/21/2018,5.6
6/21/2018,5.8
6/21/2018,5.6
6/22/2018,4.3
6/22/2018,3.9
6/22/2018,4.3
6/22/2018,4.9
6/23/2018,5.8
6/23/2018,4.4
6/23/2018,7.1
6/23/2018,7.7
6/24/2018,4
6/24/2018,1.8
6/24/2018,4.5
6/24/2018,4.5
6/25/2018,3.9
6/25/2018,3.8
6/25/2018,2.7
6/25/2018,4.3
6/25/2018,5
6/26/2018,6.3
6/26/2018,4.4
6/26/2018,7.5
6/26/2018,8
6/27/2018,7
6/27/2018,5.7
6/27/2018,8.1
6/27/2018,8.3
6/28/2018,6.6
6/28/2018,5.6
6/28/2018,7.4
6/28/2018,8
6/29/2018,3
6/29/2018,2.1
6/29/2018,3.2
6/29/2018,4
6/30/2018,3.4
6/30/2018,2.9
6/30/2018,3.6
6/30/2018,4.8
7/1/2018,7
7/1/2018,3.4
7/1/2018,3.1
7/1/2018,4.6
7/1/2018,4.5
7/2/2018,5.9
7/2/2018,6
7/2/2018,6.6
7/2/2018,6.4
7/3/2018,6.5
7/3/2018,5.9
7/3/2018,7.3
7/3/2018,9.1
7/4/2018,10.3
7/4/2018,7.1
7/4/2018,11.6
7/4/2018,11.7
7/5/2018,12.1
7/5/2018,15.3
7/5/2018,17.9
7/5/2018,19.1
7/6/2018,10.6
7/6/2018,13.8
7/6/2018,12.8
7/6/2018,13.7
7/7/2018,10.2
7/7/2018,8.3
7/7/2018,9.3
7/7/2018,11.8
7/7/2018,9.6
7/8/2018,8.8
7/8/2018,16
7/8/2018,12.8
7/8/2018,12.7
7/9/2018,10.6
7/9/2018,12.1
7/9/2018,13.6
7/10/2018,13.6
7/10/2018,5
7/10/2018,12
7/10/2018,11.8
7/11/2018,9.8
7/11/2018,7
7/11/2018,10.5
7/11/2018,9.8
7/12/2018,7.9
7/12/2018,4.4
7/12/2018,8.8
7/12/2018,7.1
7/13/2018,7.6
7/13/2018,5.9
7/13/2018,3.9
7/13/2018,9.6
7/13/2018,7
7/14/2018,8.2
7/14/2018,5.4
7/14/2018,8.9
7/14/2018,10.4
7/15/2018,9
7/15/2018,6.2
7/15/2018,7.4
7/15/2018,7.9
7/16/2018,6.3
7/16/2018,11
7/16/2018,11.2
7/17/2018,5.7
7/17/2018,5.6
7/17/2018,8.5
7/17/2018,8
7/18/2018,9.9
7/18/2018,10.8
7/18/2018,12.8
7/18/2018,12.3
7/19/2018,8.8
7/19/2018,9.2
7/19/2018,7.6
7/19/2018,10.8
7/19/2018,10.4
7/20/2018,9.5
7/20/2018,8.3
7/20/2018,11
7/20/2018,12.9
7/21/2018,8.1
7/21/2018,7.7
7/21/2018,10.7
7/21/2018,10.8
7/22/2018,7
7/22/2018,7.1
7/22/2018,7.9
7/22/2018,11.1
7/23/2018,8.9
7/23/2018,8.2
7/23/2018,9.5
7/23/2018,10.6
7/24/2018,11.4
7/24/2018,9.7
7/24/2018,10.8
7/24/2018,12
7/25/2018,13.6
7/25/2018,13.7
7/25/2018,10.6
7/25/2018,15.7
7/25/2018,17.3
7/26/2018,15.6
7/26/2018,14.3
7/26/2018,19.1
7/26/2018,19.5
7/27/2018,13.4
7/27/2018,12.1
7/27/2018,15.1
7/27/2018,16.6
7/28/2018,16.6
7/28/2018,15.6
7/28/2018,18.9
7/28/2018,21
7/29/2018,16.1
7/29/2018,13.7
7/29/2018,16.7
7/29/2018,19.4
7/30/2018,13.2
7/30/2018,11.2
7/30/2018,15.1
7/30/2018,15.8
7/31/2018,17.9
7/31/2018,17.3
7/31/2018,13.9
7/31/2018,19.8
7/31/2018,21.7
8/1/2018,18.9
8/1/2018,15.8
8/1/2018,20.9
8/1/2018,21.7
8/2/2018,13.8
8/2/2018,12.3
8/2/2018,17.5
8/2/2018,18.6
8/3/2018,14.7
8/3/2018,12.7
8/3/2018,22.1
8/3/2018,18.5
8/4/2018,26.6
8/4/2018,25.1
8/4/2018,33.4
8/4/2018,29.9
8/5/2018,29
8/5/2018,27.9
8/5/2018,30.8
8/5/2018,30.4
8/6/2018,18.2
8/6/2018,20.8
8/6/2018,16.7
8/6/2018,20
8/6/2018,21.7
8/7/2018,10.6
8/7/2018,10.1
8/7/2018,17.1
8/7/2018,14.2
8/8/2018,8.5
8/8/2018,5.9
8/8/2018,14
8/8/2018,11.1
8/9/2018,12.6
8/9/2018,12.4
8/9/2018,18.7
8/9/2018,17
8/10/2018,13.3
8/10/2018,11.8
8/10/2018,18.9
8/10/2018,17.3
8/11/2018,23
8/11/2018,19.8
8/11/2018,25.8
8/11/2018,25
8/12/2018,21.8
8/12/2018,20.6
8/12/2018,19.6
8/12/2018,25.6
8/12/2018,24.4
8/13/2018,18.9
8/13/2018,14.9
8/13/2018,21.2
8/13/2018,19
8/14/2018,16.2
8/14/2018,14.5
8/14/2018,18.8
8/14/2018,18.5
8/15/2018,14.4
8/15/2018,14.9
8/15/2018,10.7
8/15/2018,11.4
8/16/2018,14.1
8/16/2018,11.2
8/16/2018,11.4
8/16/2018,11.4
8/17/2018,11.4
8/17/2018,9.7
8/17/2018,12
8/17/2018,12.3
8/18/2018,11.2
8/18/2018,11.9
8/18/2018,9.4
8/18/2018,12.7
8/18/2018,13.2
8/19/2018,21
8/19/2018,19.8
8/19/2018,23.6
8/19/2018,23.5
8/20/2018,28.6
8/20/2018,20.2
8/20/2018,24.7
8/20/2018,24.8
8/21/2018,26.5
8/21/2018,24
8/21/2018,28.2
8/21/2018,28.4
8/22/2018,21.5
8/22/2018,20.8
8/22/2018,26.2
8/22/2018,25.1
8/23/2018,40.3
8/23/2018,40.2
8/23/2018,43.5
8/23/2018,41.4
8/24/2018,45.8
8/24/2018,45
8/24/2018,43.7
8/24/2018,48.6
8/24/2018,48.1
8/25/2018,31.7
8/25/2018,29.8
8/25/2018,33.8
8/25/2018,32.4
8/26/2018,23.6
8/26/2018,20.7
8/26/2018,24
8/26/2018,23.7
8/27/2018,7
8/27/2018,6.2
8/27/2018,6.1
8/27/2018,5.9
8/28/2018,2.5
8/28/2018,2.9
8/28/2018,2.4
8/28/2018,2.2
8/29/2018,5.8
8/29/2018,5.4
8/29/2018,7
8/29/2018,6.8
8/30/2018,8
8/30/2018,8.4
8/30/2018,6.9
8/30/2018,8.9
8/30/2018,8.8
8/31/2018,12
8/31/2018,9.4
8/31/2018,13.5
8/31/2018,14
9/1/2018,11.1
9/1/2018,8.1
9/1/2018,10.7
9/1/2018,10
9/2/2018,7.3
9/2/2018,5
9/2/2018,6
9/2/2018,4.9
9/3/2018,7.5
9/3/2018,6
9/3/2018,8.8
9/3/2018,7.7
9/4/2018,8.5
9/4/2018,6
9/4/2018,9.1
9/4/2018,7.7
9/5/2018,8.1
9/5/2018,8.3
9/5/2018,7.5
9/5/2018,9.3
9/5/2018,8.2
9/6/2018,8.7
9/6/2018,7.3
9/6/2018,10.2
9/6/2018,9.3
9/7/2018,8.7
9/7/2018,7.6
9/7/2018,10.2
9/7/2018,9
9/8/2018,14
9/8/2018,12.6
9/8/2018,15.8
9/8/2018,14.2
9/9/2018,26.8
9/9/2018,23
9/9/2018,29
9/9/2018,27.6
9/10/2018,16.5
9/10/2018,14.1
9/10/2018,16.6
9/10/2018,15.9
9/11/2018,13.6
9/11/2018,12.4
9/11/2018,11.4
9/11/2018,13.9
9/11/2018,12.8
9/12/2018,12
9/12/2018,9.3
9/12/2018,11.5
9/12/2018,10.8
9/13/2018,7.7
9/13/2018,4.1
9/13/2018,7.1
9/13/2018,7.5
9/14/2018,4.8
9/14/2018,4
9/14/2018,8.7
9/14/2018,5
9/15/2018,14.1
9/15/2018,6.6
9/15/2018,12.7
9/15/2018,12.1
9/16/2018,12.5
9/16/2018,7.9
9/16/2018,12.9
9/16/2018,14.8
9/17/2018,6.5
9/17/2018,4.8
9/17/2018,10.9
9/17/2018,10.1
9/18/2018,4.9
9/18/2018,5.1
9/18/2018,4.2
9/18/2018,6.3
9/18/2018,5.6
9/19/2018,5.7
9/19/2018,4.7
9/19/2018,10.3
9/19/2018,6
9/20/2018,6.3
9/20/2018,4.5
9/20/2018,6.9
9/20/2018,6.4
9/21/2018,5.3
9/21/2018,4.8
9/21/2018,7.1
9/21/2018,6.3
9/22/2018,6.5
9/22/2018,6.1
9/22/2018,13.5
9/22/2018,6.5
9/23/2018,5.7
9/23/2018,5.8
9/23/2018,5.3
9/23/2018,11.7
9/23/2018,5.9
9/24/2018,5.4
9/24/2018,4.4
9/24/2018,7.8
9/24/2018,5.8
9/25/2018,4.8
9/25/2018,4.6
9/25/2018,6.2
9/25/2018,6
9/26/2018,9.9
9/26/2018,6
9/26/2018,7.3
9/27/2018,5.4
9/27/2018,8.5
9/27/2018,6.4
9/28/2018,7.7
9/28/2018,8
9/28/2018,9.8
9/29/2018,20.8
9/29/2018,8.8
9/29/2018,5.3
9/29/2018,8.6
9/29/2018,11.1
9/30/2018,13.8
9/30/2018,5.3
9/30/2018,18
9/30/2018,9
10/1/2018,13.4
10/1/2018,10.1
10/1/2018,18.9
10/1/2018,16.4
10/2/2018,8.7
10/2/2018,9.6
10/2/2018,15.7
10/2/2018,13
10/3/2018,3
10/3/2018,2.6
10/3/2018,3.5
10/3/2018,3.2
10/4/2018,1.7
10/4/2018,1.3
10/4/2018,2.8
10/4/2018,2.5
10/5/2018,2.1
10/5/2018,2.5
10/5/2018,2.4
10/5/2018,4.5
10/5/2018,3.1
10/6/2018,4.1
10/6/2018,4.8
10/6/2018,5.3
10/6/2018,5.2
10/7/2018,2.9
10/7/2018,3.4
10/7/2018,3
10/7/2018,3.7
10/8/2018,2.4
10/8/2018,2.1
10/8/2018,3.3
10/8/2018,3.2
10/9/2018,2.9
10/9/2018,2.4
10/9/2018,6.1
10/9/2018,4.5
10/10/2018,1.6
10/10/2018,1.1
10/10/2018,2.2
10/10/2018,2.5
10/11/2018,3.6
10/11/2018,3.7
10/11/2018,3.2
10/11/2018,4.4
10/11/2018,4.8
10/12/2018,4.9
10/12/2018,5
10/12/2018,5.6
10/12/2018,6.2
10/13/2018,4.6
10/13/2018,6.1
10/13/2018,5.6
10/13/2018,5.6
10/14/2018,1
10/14/2018,0.8
10/14/2018,0.5
10/14/2018,0.5
10/15/2018,2.8
10/15/2018,3.2
10/15/2018,2.4
10/15/2018,2.4
10/16/2018,4.3
10/16/2018,4.8
10/16/2018,5.5
10/16/2018,5.5
10/17/2018,3.1
10/17/2018,3.2
10/17/2018,3.6
10/17/2018,3.8
10/17/2018,3.4
10/18/2018,3.4
10/18/2018,3.4
10/18/2018,4.5
10/18/2018,4.2
10/19/2018,6.3
10/19/2018,7.2
10/19/2018,8.2
10/19/2018,8.7
10/20/2018,6.3
10/20/2018,5.9
10/20/2018,7
10/20/2018,7.6
10/21/2018,3.7
10/21/2018,4.1
10/21/2018,4.8
10/21/2018,3.8
10/22/2018,3.7
10/22/2018,4
10/22/2018,4.9
10/23/2018,2.2
10/23/2018,2.5
10/23/2018,1.9
10/23/2018,3
10/24/2018,4
10/24/2018,4.4
10/24/2018,5.4
10/25/2018,4.4
10/25/2018,4.7
10/25/2018,5.3
10/26/2018,4.4
10/26/2018,5.3
10/26/2018,5.6
10/27/2018,5.3
10/27/2018,6.5
10/27/2018,6
10/28/2018,3.9
10/28/2018,4.1
10/28/2018,4.5
10/29/2018,2.6
10/29/2018,2.8
10/29/2018,2.2
10/29/2018,2.6
10/30/2018,3.3
10/30/2018,3.6
10/30/2018,3.4
10/31/2018,3.2
10/31/2018,1.8
10/31/2018,3.7
11/1/2018,6.5
11/1/2018,4.2
11/1/2018,5.5
11/2/2018,3.9
11/2/2018,3.3
11/2/2018,4.6
11/3/2018,3
11/3/2018,1.8
11/3/2018,2.4
11/4/2018,3.5
11/4/2018,3.5
11/4/2018,2.2
11/4/2018,3.3
11/5/2018,1.5
11/5/2018,0.3
11/5/2018,1.3
11/6/2018,2.2
11/6/2018,1.6
11/6/2018,2.5
11/7/2018,2.5
11/7/2018,2.7
11/7/2018,4
11/7/2018,3.7
11/8/2018,3.4
11/8/2018,3
11/8/2018,4.6
11/8/2018,4.1
11/9/2018,5.3
11/9/2018,4.1
11/9/2018,6.1
11/9/2018,6.5
11/10/2018,6.2
11/10/2018,6.2
11/10/2018,5.8
11/10/2018,5.9
11/10/2018,6.1
11/11/2018,3.2
11/11/2018,3
11/11/2018,3.7
11/11/2018,3.5
11/12/2018,3.5
11/12/2018,3.2
11/12/2018,5
11/12/2018,4.9
11/13/2018,4.5
11/13/2018,4.4
11/13/2018,6
11/13/2018,6.3
11/14/2018,7.9
11/14/2018,8.1
11/14/2018,9.8
11/14/2018,9.5
11/15/2018,8.4
11/15/2018,8
11/15/2018,9.1
11/15/2018,7.9
11/16/2018,11.1
11/16/2018,10.8
11/16/2018,10.5
11/16/2018,12
11/16/2018,11
11/17/2018,7.1
11/17/2018,7.8
11/17/2018,7.8
11/17/2018,7.5
11/18/2018,3.3
11/18/2018,3.9
11/18/2018,3.3
11/18/2018,3.1
11/19/2018,6
11/19/2018,6
11/19/2018,7.4
11/19/2018,7.2
11/20/2018,7.1
11/20/2018,7.2
11/20/2018,6.7
11/20/2018,7
11/21/2018,11.7
11/21/2018,9.9
11/21/2018,11.3
11/21/2018,11.2
11/22/2018,9.7
11/22/2018,9.8
11/22/2018,8.9
11/22/2018,9.2
11/22/2018,9.8
11/23/2018,1
11/23/2018,1.3
11/23/2018,0.7
11/23/2018,0.9
11/24/2018,1
11/24/2018,-0.1
11/24/2018,0.6
11/24/2018,1.1
11/25/2018,2.6
11/25/2018,1.3
11/25/2018,2.5
11/25/2018,3.4
11/26/2018,7
11/26/2018,5.9
11/26/2018,6.4
11/26/2018,6.1
11/27/2018,12.7
11/27/2018,11.4
11/27/2018,11.8
11/27/2018,12.4
11/28/2018,14.5
11/28/2018,15
11/28/2018,12.3
11/28/2018,14.4
11/28/2018,14.2
11/29/2018,7.5
11/29/2018,5.9
11/29/2018,7.3
11/29/2018,6.9
11/30/2018,3.1
11/30/2018,3
11/30/2018,3.1
12/1/2018,3.3
12/1/2018,2
12/1/2018,2.8
12/1/2018,2.9
12/2/2018,3.7
12/2/2018,3.8
12/2/2018,3.5
12/2/2018,3.7
12/3/2018,3.5
12/3/2018,5.1
12/3/2018,4.1
12/3/2018,3.9
12/4/2018,3.8
12/4/2018,7.8
12/4/2018,7.6
12/5/2018,16.2
12/5/2018,14.2
12/5/2018,19.3
12/5/2018,18.4
12/6/2018,24.9
12/6/2018,23.8
12/6/2018,26.3
12/6/2018,26.3
12/7/2018,24
12/7/2018,22.3
12/7/2018,25.5
12/7/2018,24.6
12/8/2018,37.3
12/8/2018,35.4
12/8/2018,41.1
12/8/2018,41.2
12/9/2018,30.6
12/9/2018,24.2
12/9/2018,32.3
12/9/2018,31.7
12/10/2018,19.6
12/10/2018,15.8
12/10/2018,21.4
12/10/2018,21.2
12/11/2018,20.9
12/11/2018,19.9
12/11/2018,22.4
12/11/2018,22
12/12/2018,8.3
12/12/2018,7.9
12/12/2018,8
12/12/2018,8.1
12/13/2018,8.7
12/13/2018,7.4
12/13/2018,5.6
12/13/2018,5.5
12/14/2018,13.2
12/14/2018,15.9
12/14/2018,15.7
12/15/2018,27.3
12/15/2018,25.9
12/15/2018,30.6
12/15/2018,30.9
12/16/2018,27
12/16/2018,16.5
12/16/2018,22.8
12/16/2018,30.5
12/16/2018,31
12/17/2018,30.5
12/17/2018,26.3
12/17/2018,31.9
12/17/2018,31.6
12/18/2018,22.5
12/18/2018,21.2
12/18/2018,23.3
12/18/2018,22.4
12/19/2018,3.4
12/19/2018,3.5
12/19/2018,2.9
12/19/2018,2.7
12/20/2018,7.3
12/20/2018,6.3
12/20/2018,5.7
12/20/2018,5.3
12/21/2018,7.5
12/21/2018,6.1
12/21/2018,7.7
12/21/2018,7.6
12/22/2018,2.1
12/22/2018,1.7
12/22/2018,1.4
12/22/2018,1.9
12/22/2018,3
12/23/2018,4.6
12/23/2018,4.2
12/23/2018,4.7
12/23/2018,4.2
12/24/2018,12.2
12/24/2018,10
12/24/2018,13.5
12/24/2018,13.4
12/25/2018,12.1
12/25/2018,10.2
12/25/2018,11
12/25/2018,11.3
12/26/2018,2.3
12/26/2018,1.9
12/26/2018,1.3
12/26/2018,1.3
12/27/2018,5.4
12/27/2018,5.6
12/27/2018,4.6
12/27/2018,4.2
12/28/2018,8
12/28/2018,4.6
12/28/2018,9.9
12/28/2018,7.6
12/28/2018,7.4
12/29/2018,9.9
12/29/2018,8.7
12/29/2018,9.7
12/29/2018,5.5
12/30/2018,7.8
12/30/2018,6.4
12/30/2018,7.7
12/30/2018,10.1
12/31/2018,3
12/31/2018,2.2
12/31/2018,2.7
12/31/2018,3.1
1/1/2019,8.2
1/1/2019,7.2
1/1/2019,8.9
1/1/2019,7.6
1/2/2019,12.4
1/2/2019,10.9
1/2/2019,12.5
1/2/2019,12.7
1/3/2019,19
1/3/2019,12
1/3/2019,16.9
1/3/2019,19.8
1/3/2019,19.3
1/4/2019,35.2
1/4/2019,31.1
1/4/2019,38.5
1/4/2019,37.3
1/5/2019,44.5
1/5/2019,37.9
1/5/2019,49.4
1/5/2019,47.3
1/6/2019,10.8
1/6/2019,12
1/6/2019,12
1/6/2019,11.7
1/7/2019,1.1
1/7/2019,1.6
1/7/2019,1
1/7/2019,1.2
1/8/2019,12.1
1/8/2019,9.6
1/8/2019,9.9
1/8/2019,9.3
1/9/2019,31.8
1/9/2019,28.9
1/9/2019,35.9
1/9/2019,33.5
1/10/2019,42.9
1/10/2019,38.4
1/10/2019,48.6
1/10/2019,47.9
1/11/2019,46.5
1/11/2019,39.2
1/11/2019,50.3
1/11/2019,49.4
1/12/2019,7.9
1/12/2019,5.7
1/12/2019,7.1
1/12/2019,6.7
1/13/2019,8
1/13/2019,6.4
1/13/2019,6.7
1/13/2019,6.7
1/14/2019,12.8
1/14/2019,12
1/14/2019,13.1
1/14/2019,12.3
1/15/2019,25.4
1/15/2019,25.4
1/15/2019,23.2
1/15/2019,25.6
1/15/2019,25.3
1/16/2019,29.3
1/16/2019,29.6
1/16/2019,33.2
1/16/2019,33.8
1/17/2019,3.4
1/17/2019,3.9
1/17/2019,4
1/17/2019,3.8
1/18/2019,1.3
1/18/2019,1.2
1/18/2019,1.4
1/18/2019,1.1
1/19/2019,8.3
1/19/2019,7.1
1/19/2019,9
1/19/2019,9.1
1/20/2019,16.1
1/20/2019,15.2
1/20/2019,17.5
1/20/2019,17.4
1/21/2019,2.1
1/21/2019,1.8
1/21/2019,1.7
1/21/2019,1.7
1/21/2019,1.7
1/22/2019,4.1
1/22/2019,3.6
1/22/2019,4.1
1/22/2019,3.8
1/23/2019,10.7
1/23/2019,9.4
1/23/2019,10.9
1/23/2019,11.8
1/24/2019,17.1
1/24/2019,15.5
1/24/2019,18.4
1/24/2019,18.5
1/25/2019,11.4
1/25/2019,9
1/25/2019,11.5
1/25/2019,11.3
1/26/2019,18
1/26/2019,16
1/26/2019,17.6
1/26/2019,17.8
1/27/2019,19
1/27/2019,18.4
1/27/2019,16.7
1/27/2019,19.9
1/27/2019,19.6
1/28/2019,16
1/28/2019,14
1/28/2019,16.7
1/28/2019,16.9
1/29/2019,9.8
1/29/2019,7.4
1/29/2019,8.1
1/29/2019,7.6
1/30/2019,17.4
1/30/2019,13.9
1/30/2019,18
1/30/2019,17.3
1/31/2019,33.3
1/31/2019,35
1/31/2019,37.5
1/31/2019,35.8
2/1/2019,38.7
2/1/2019,35.1
2/1/2019,41.9
2/1/2019,41.9
2/2/2019,24.3
2/2/2019,24.5
2/2/2019,22.2
2/2/2019,26.3
2/2/2019,25.7
2/3/2019,1.1
2/3/2019,1.6
2/3/2019,0.9
2/3/2019,0.9
2/4/2019,1
2/4/2019,0.8
2/4/2019,0.4
2/4/2019,0.6
2/5/2019,0.7
2/5/2019,1.2
2/5/2019,0.5
2/5/2019,0.6
2/6/2019,2.1
2/6/2019,2.4
2/6/2019,1.3
2/6/2019,1.3
2/7/2019,2.5
2/7/2019,2
2/7/2019,3.3
2/7/2019,1.8
2/8/2019,7.8
2/8/2019,7.9
2/8/2019,8.8
2/8/2019,6.7
2/8/2019,7.1
2/9/2019,18.1
2/9/2019,16.8
2/9/2019,19.2
2/9/2019,18.9
2/10/2019,4.8
2/10/2019,4.5
2/10/2019,6
2/10/2019,5.9
2/11/2019,2.7
2/11/2019,2.8
2/11/2019,3.6
2/11/2019,3
2/12/2019,9.6
2/12/2019,6.4
2/12/2019,8.1
2/12/2019,8.7
2/13/2019,6.1
2/13/2019,7.7
2/13/2019,6.4
2/13/2019,6.8
2/14/2019,2.7
2/14/2019,1.1
2/14/2019,3.1
2/14/2019,2.8
2/14/2019,4.2
2/15/2019,1
2/15/2019,1
2/15/2019,0.5
2/15/2019,0.7
2/16/2019,1.4
2/16/2019,1.9
2/16/2019,1.6
2/16/2019,1.3
2/17/2019,4.6
2/17/2019,4.9
2/17/2019,5.1
2/17/2019,5.1
2/18/2019,4.7
2/18/2019,4.8
2/18/2019,4.4
2/18/2019,4.6
2/19/2019,5.1
2/19/2019,5.1
2/19/2019,4.7
2/19/2019,4.7
2/20/2019,2.6
2/20/2019,2.5
2/20/2019,1.8
2/20/2019,3
2/21/2019,6.8
2/21/2019,7.6
2/21/2019,7.1
2/22/2019,7.5
2/22/2019,7.1
2/22/2019,7.2
2/23/2019,8.2
2/23/2019,8.7
2/23/2019,10.4
2/23/2019,10.2
2/24/2019,8.8
2/24/2019,2.9
2/24/2019,3.1
2/24/2019,3.3
2/25/2019,2.8
2/25/2019,1.5
2/25/2019,1.4
2/25/2019,2.1
2/26/2019,7.6
2/26/2019,2.5
2/26/2019,2.8
2/26/2019,3.5
2/26/2019,4.4
2/27/2019,5.3
2/27/2019,4.7
2/27/2019,5.2
2/27/2019,4.7
2/28/2019,8.2
2/28/2019,7.6
2/28/2019,8.8
2/28/2019,8
3/1/2019,2.1
3/1/2019,2
3/1/2019,1.3
3/1/2019,1.5
3/2/2019,2.9
3/2/2019,3
3/2/2019,4.1
3/2/2019,2.6
3/3/2019,3.3
3/3/2019,2.6
3/3/2019,3.4
3/3/2019,3.3
3/4/2019,3.8
3/4/2019,4.1
3/4/2019,3.8
3/4/2019,4.4
3/4/2019,4.6
3/5/2019,4.7
3/5/2019,5.1
3/5/2019,5.5
3/5/2019,5
3/6/2019,6.5
3/6/2019,8.1
3/6/2019,7.6
3/7/2019,1.1
3/7/2019,0.8
3/7/2019,1.6
3/8/2019,1.7
3/8/2019,1.6
3/8/2019,2.3
3/9/2019,2
3/9/2019,2.1
3/9/2019,2.6
3/10/2019,3.1
3/10/2019,3.2
3/10/2019,14.2
3/10/2019,3.7
3/10/2019,4.2
3/11/2019,5.5
3/11/2019,18.3
3/11/2019,5.8
3/11/2019,5.7
3/12/2019,7.8
3/12/2019,10.2
3/12/2019,7.9
3/12/2019,7.7
3/13/2019,1.2
3/13/2019,1.1
3/13/2019,0.8
3/13/2019,0.7
3/14/2019,2.3
3/14/2019,2.1
3/14/2019,1.4
3/14/2019,1.2
3/15/2019,3.2
3/15/2019,3.2
3/15/2019,4.1
3/15/2019,2.4
3/16/2019,5.1
3/16/2019,2.5
3/16/2019,5.9
3/16/2019,5.8
3/16/2019,6.2
3/17/2019,5.5
3/17/2019,5.3
3/17/2019,5.3
3/17/2019,5
3/18/2019,5.7
3/18/2019,4.2
3/18/2019,4.6
3/18/2019,4.9
3/19/2019,4.8
3/19/2019,4.6
3/19/2019,4.1
3/19/2019,4.3
3/20/2019,3.2
3/20/2019,2.6
3/20/2019,3.1
3/20/2019,3.1
3/21/2019,4.1
3/21/2019,3.4
3/21/2019,3.8
3/21/2019,4.1
3/22/2019,2.7
3/22/2019,2
3/22/2019,2.4
3/22/2019,2.6
3/22/2019,2.9
3/23/2019,3.4
3/23/2019,3.3
3/23/2019,4.2
3/23/2019,4.4
3/24/2019,2
3/24/2019,1.9
3/24/2019,2.9
3/24/2019,2.7
3/25/2019,4.7
3/25/2019,3.5
3/25/2019,5.5
3/25/2019,5.5
3/26/2019,6.2
3/26/2019,5.6
3/26/2019,7.4
3/26/2019,6.9
3/27/2019,6.1
3/27/2019,6.8
3/27/2019,7.3
3/27/2019,7
3/28/2019,2
3/28/2019,2.2
3/28/2019,1.8
3/28/2019,2.2
3/29/2019,1.6
3/29/2019,0.7
3/29/2019,1.1
3/29/2019,1.6
3/30/2019,2.3
3/30/2019,2.7
3/30/2019,2.2
3/30/2019,2.4
3/31/2019,2.7
3/31/2019,2.2
3/31/2019,2.9
3/31/2019,2.8
4/1/2019,3.9
4/1/2019,3.2
4/1/2019,4.2
4/1/2019,4.2
4/2/2019,3.8
4/2/2019,1.7
4/2/2019,3.9
4/2/2019,3.2
4/3/2019,1.6
4/3/2019,0.5
4/3/2019,0.8
4/3/2019,0.9
4/4/2019,0.3
4/4/2019,1.9
4/4/2019,1.5
4/5/2019,2
4/5/2019,3.4
4/5/2019,3
4/6/2019,1.3
4/6/2019,1.5
4/6/2019,1.9
4/7/2019,1.7
4/7/2019,2.2
4/7/2019,2.8
4/8/2019,2.1
4/8/2019,4.6
4/8/2019,4.8
4/9/2019,1.6
4/9/2019,2.3
4/9/2019,2.8
4/9/2019,2.3
4/10/2019,0.9
4/10/2019,0.7
4/10/2019,0.3
4/10/2019,0.4
4/11/2019,1.1
4/11/2019,1
4/11/2019,0.5
4/11/2019,0.5
4/12/2019,1.8
4/12/2019,1.2
4/12/2019,0.9
4/12/2019,0.8
4/13/2019,1.9
4/13/2019,1.2
4/13/2019,1.1
4/13/2019,1.2
4/14/2019,2
4/14/2019,1.4
4/14/2019,3.6
4/14/2019,2.2
4/15/2019,0.9
4/15/2019,1.1
4/15/2019,1.8
4/15/2019,1
4/16/2019,1
4/16/2019,0.7
4/16/2019,1.4
4/16/2019,0.7
4/17/2019,1.5
4/17/2019,2
4/17/2019,2.6
4/17/2019,1.4
4/18/2019,1.9
4/18/2019,2
4/18/2019,3.5
4/18/2019,2
4/19/2019,2.9
4/19/2019,3.2
4/19/2019,4.2
4/19/2019,3
4/20/2019,3.2
4/20/2019,2.4
4/20/2019,3.5
4/20/2019,3.9
4/21/2019,1.6
4/21/2019,1
4/21/2019,2
4/21/2019,2.1
4/21/2019,2.6
4/22/2019,1.2
4/22/2019,5.2
4/22/2019,1.8
4/22/2019,2.2
4/23/2019,2.4
4/23/2019,5.6
4/23/2019,2.3
4/23/2019,2.9
4/24/2019,3.3
4/24/2019,3
4/24/2019,4.3
4/24/2019,4.7
4/25/2019,3.3
4/25/2019,3.7
4/25/2019,4.5
4/25/2019,3.8
4/26/2019,4.4
4/26/2019,5.9
4/26/2019,5.3
4/26/2019,4.7
4/27/2019,3.9
4/27/2019,3.6
4/27/2019,3.1
4/27/2019,3.8
4/27/2019,4.1
4/28/2019,2.5
4/28/2019,2.7
4/28/2019,3
4/28/2019,3.5
4/29/2019,2
4/29/2019,2.2
4/29/2019,2.9
4/29/2019,2
4/30/2019,1.9
4/30/2019,1.6
4/30/2019,2.5
4/30/2019,2.1
5/1/2019,1.9
5/1/2019,2.8
5/1/2019,3
5/1/2019,2.3
5/2/2019,2.7
5/2/2019,1.9
5/2/2019,4
5/2/2019,3.7
5/3/2019,3.7
5/3/2019,3.9
5/3/2019,2.8
5/3/2019,5.6
5/3/2019,4.4
5/4/2019,4.5
5/4/2019,3.1
5/4/2019,6.4
5/4/2019,5.1
5/5/2019,5.3
5/5/2019,4.8
5/5/2019,6.6
5/5/2019,6.6
5/6/2019,5.5
5/6/2019,5.9
5/6/2019,5.8
5/7/2019,3.7
5/7/2019,4.5
5/7/2019,4.8
5/7/2019,5
5/8/2019,2.2
5/8/2019,2.8
5/8/2019,2.6
5/8/2019,2.9
5/9/2019,1.3
5/9/2019,2.6
5/9/2019,1
5/9/2019,1.7
5/10/2019,2.5
5/10/2019,2.1
5/10/2019,3.2
5/10/2019,4.6
5/11/2019,5.2
5/11/2019,6
5/11/2019,5.3
5/11/2019,5.5
5/12/2019,4.3
5/12/2019,3.9
5/12/2019,5.5
5/12/2019,4.8
5/13/2019,5.1
5/13/2019,5.7
5/13/2019,6.7
5/13/2019,6.3
5/14/2019,1.2
5/14/2019,4.6
5/14/2019,6.9
5/14/2019,5.9
5/15/2019,1.9
5/15/2019,4.9
5/15/2019,5.6
5/15/2019,5
5/16/2019,0.2
5/16/2019,4.6
5/16/2019,4.3
5/16/2019,4.3
5/17/2019,1
5/17/2019,1.6
5/17/2019,0.5
5/17/2019,0.7
5/18/2019,1.1
5/18/2019,2.1
5/18/2019,0.7
5/18/2019,0.8
5/19/2019,4.7
5/19/2019,4.4
5/19/2019,2.1
5/19/2019,1.7
5/20/2019,3.7
5/20/2019,2.2
5/20/2019,2.1
5/20/2019,1.8
5/21/2019,0.6
5/21/2019,1
5/21/2019,0.7
5/21/2019,0.8
5/22/2019,1.1
5/22/2019,0.5
5/22/2019,0.7
5/23/2019,1.8
5/23/2019,1.2
5/23/2019,1
5/24/2019,1.8
5/24/2019,2.7
5/24/2019,2.4
5/25/2019,3.4
5/25/2019,3.4
5/25/2019,3.2
5/26/2019,2.9
5/26/2019,3.2
5/26/2019,2.4
5/27/2019,2.3
5/27/2019,1.5
5/27/2019,1.1
5/28/2019,1.3
5/28/2019,1.3
5/28/2019,1.3
5/29/2019,2.1
5/29/2019,2.7
5/29/2019,2.6
5/30/2019,3.2
5/30/2019,4.4
5/30/2019,3.7
5/31/2019,1.7
5/31/2019,3.9
5/31/2019,2.7
6/1/2019,5
6/1/2019,4
6/1/2019,3.3
6/2/2019,4.7
6/2/2019,5
6/2/2019,4.8
6/3/2019,4.2
6/3/2019,5.7
6/3/2019,6.1
6/4/2019,6.1
6/4/2019,6.1
6/4/2019,5.5
6/5/2019,4.7
6/5/2019,4.1
6/5/2019,4.6
6/6/2019,3.6
6/6/2019,4.1
6/6/2019,4.1
6/7/2019,5.3
6/7/2019,5.1
6/7/2019,6.4
6/8/2019,1.9
6/8/2019,1.3
6/8/2019,1.5
6/9/2019,2.5
6/9/2019,1.6
6/9/2019,1.6
6/10/2019,3
6/10/2019,2.4
6/10/2019,2.5
6/11/2019,3.4
6/11/2019,4.4
6/11/2019,4.1
6/12/2019,3.8
6/12/2019,4.7
6/12/2019,5.1
6/13/2019,4.1
6/13/2019,5
6/13/2019,4.1
6/14/2019,3.8
6/14/2019,4.8
6/14/2019,5
6/15/2019,5.7
6/15/2019,7.5
6/15/2019,6.7
6/16/2019,5.4
6/16/2019,4.9
6/16/2019,5.1
6/17/2019,3.8
6/17/2019,4.8
6/17/2019,4.6
6/18/2019,3
6/18/2019,4.6
6/18/2019,4.6
6/19/2019,2.9
6/19/2019,4
6/19/2019,3.9
6/20/2019,3
6/20/2019,4.2
6/20/2019,4.4
6/21/2019,3
6/21/2019,3.2
6/21/2019,2.8
6/22/2019,3
6/22/2019,3.5
6/22/2019,3.4
6/23/2019,3.2
6/23/2019,3.7
6/23/2019,3.8
6/24/2019,2.3
6/24/2019,4.2
6/24/2019,4.3
6/25/2019,5.6
6/25/2019,5.7
6/25/2019,5.6
6/26/2019,3.9
6/26/2019,8.3
6/26/2019,8.5
6/27/2019,4.9
6/27/2019,7.9
6/27/2019,6.8
6/28/2019,5.1
6/28/2019,7.2
6/28/2019,7.6
6/29/2019,5.5
6/29/2019,6
6/29/2019,7
6/30/2019,5.8
6/30/2019,6.5
6/30/2019,6.6
7/1/2019,3.8
7/1/2019,3.4
7/1/2019,5
7/2/2019,6.3
7/2/2019,5.5
7/2/2019,5.5
7/3/2019,5.6
7/3/2019,6.9
7/3/2019,6.8
7/4/2019,5.4
7/4/2019,3.9
7/4/2019,5.8
7/4/2019,6.3
7/5/2019,6.6
7/5/2019,4.6
7/5/2019,8.9
7/5/2019,7.1
7/6/2019,6.2
7/6/2019,6.6
7/6/2019,8.9
7/6/2019,7.5
7/7/2019,6.4
7/7/2019,4.7
7/7/2019,8.1
7/7/2019,6.9
7/8/2019,6.2
7/8/2019,5.8
7/8/2019,8.9
7/8/2019,9.2
7/9/2019,5
7/9/2019,5.2
7/9/2019,6.5
7/9/2019,6.9
7/10/2019,6.4
7/10/2019,6.1
7/10/2019,6.4
7/10/2019,6.7
7/11/2019,5.3
7/11/2019,4.6
7/11/2019,5.6
7/11/2019,5.5
7/12/2019,5.6
7/12/2019,7.8
7/12/2019,5.3
7/12/2019,5.3
7/13/2019,4.6
7/13/2019,4.4
7/13/2019,6.7
7/13/2019,5.6
7/14/2019,4.6
7/14/2019,4.7
7/14/2019,6
7/14/2019,5.6
7/15/2019,5.8
7/15/2019,4.4
7/15/2019,5.5
7/15/2019,7.6
7/15/2019,6.4
7/16/2019,6.7
7/16/2019,6
7/16/2019,7.9
7/16/2019,8.2
7/16/2019,10.5
7/17/2019,4.7
7/17/2019,7.3
7/17/2019,4
7/17/2019,9.1
7/17/2019,6.7
7/18/2019,5.7
7/18/2019,5.1
7/18/2019,8.9
7/18/2019,6.4
7/19/2019,5.2
7/19/2019,6.1
7/19/2019,6.3
7/19/2019,6.1
7/20/2019,5.5
7/20/2019,6.4
7/20/2019,6.9
7/20/2019,8.2
7/21/2019,6.3
7/21/2019,7.4
7/21/2019,7.3
7/21/2019,12.4
7/22/2019,7.9
7/22/2019,5.1
7/22/2019,7.4
7/22/2019,17.3
7/23/2019,9
7/23/2019,7.3
7/23/2019,8.8
7/23/2019,11.3
7/24/2019,8.5
7/24/2019,7.9
7/24/2019,9.5
7/24/2019,10.4
7/25/2019,7.2
7/25/2019,5.3
7/25/2019,10.9
7/25/2019,7.3
7/26/2019,7.4
7/26/2019,6.5
7/26/2019,9.2
7/26/2019,8.3
7/27/2019,5
7/27/2019,9
7/27/2019,6.8
7/27/2019,6.5
7/28/2019,6.6
7/28/2019,5.9
7/28/2019,10.6
7/28/2019,10
7/29/2019,6
7/29/2019,5.9
7/29/2019,7
7/29/2019,6.7
7/30/2019,6.6
7/30/2019,4.2
7/30/2019,5.6
7/30/2019,5.7
7/31/2019,6.6
7/31/2019,6.2
7/31/2019,7.6
7/31/2019,7.9
8/1/2019,4.4
8/1/2019,5.2
8/1/2019,5.4
8/1/2019,5.1
8/2/2019,5.4
8/2/2019,5.6
8/2/2019,4.6
8/2/2019,5.7
8/2/2019,6
8/3/2019,5.6
8/3/2019,4.1
8/3/2019,6.2
8/3/2019,6.2
8/4/2019,4.7
8/4/2019,4
8/4/2019,5.6
8/4/2019,4.8
8/5/2019,4.9
8/5/2019,3.5
8/5/2019,6.2
8/5/2019,6.2
8/6/2019,7.1
8/6/2019,6.6
8/6/2019,9
8/6/2019,9
8/7/2019,8.2
8/7/2019,10.5
8/7/2019,9.9
8/7/2019,10.1
8/8/2019,7.1
8/8/2019,13.2
8/8/2019,8.4
8/8/2019,8.5
8/9/2019,4.4
8/9/2019,6.7
8/9/2019,5.2
8/9/2019,5.2
8/10/2019,5.2
8/10/2019,1.7
8/10/2019,6.3
8/10/2019,6.1
8/11/2019,4.8
8/11/2019,3.1
8/11/2019,6.9
8/11/2019,6.5
8/12/2019,4.2
8/12/2019,6
8/12/2019,7.4
8/13/2019,4.6
8/13/2019,5.1
8/13/2019,6.5
8/14/2019,5.1
8/14/2019,7.2
8/14/2019,7.1
8/15/2019,5.2
8/15/2019,7.1
8/15/2019,7.6
8/16/2019,4
8/16/2019,5
8/16/2019,5.6
8/17/2019,5
8/17/2019,5.4
8/17/2019,5.7
8/18/2019,3.9
8/18/2019,5.4
8/18/2019,5.9
8/19/2019,3.3
8/19/2019,6
8/19/2019,6.2
8/20/2019,4.1
8/20/2019,6.6
8/20/2019,7.2
8/21/2019,5.8
8/21/2019,6.2
8/21/2019,6.4
8/22/2019,6.7
8/22/2019,7
8/22/2019,7
8/23/2019,7.4
8/23/2019,4.8
8/23/2019,6.1
8/23/2019,6.1
8/24/2019,5.6
8/24/2019,3.4
8/24/2019,5.5
8/24/2019,5.9
8/25/2019,7.2
8/25/2019,7.4
8/25/2019,4.5
8/25/2019,6.2
8/25/2019,6.3
8/26/2019,7.3
8/26/2019,6.3
8/26/2019,3.5
8/26/2019,5
8/26/2019,6.2
8/27/2019,6.5
8/27/2019,7.4
8/27/2019,3.4
8/27/2019,5.9
8/27/2019,5.5
8/28/2019,6.6
8/28/2019,9.5
8/28/2019,4.5
8/28/2019,6.3
8/28/2019,6.3
8/29/2019,7.5
8/29/2019,5.3
8/29/2019,6.8
8/29/2019,7.8
8/30/2019,17.9
8/30/2019,6.9
8/30/2019,5.5
8/30/2019,5.9
8/31/2019,13.4
8/31/2019,4.7
8/31/2019,7.7
8/31/2019,8.4
9/1/2019,11.5
9/1/2019,2.1
9/1/2019,6.4
9/1/2019,6.1
9/2/2019,12
9/2/2019,4.3
9/2/2019,6.4
9/2/2019,6.1
9/3/2019,11.1
9/3/2019,5.2
9/3/2019,7
9/3/2019,7
9/4/2019,7.2
9/4/2019,7.1
9/4/2019,8.4
9/5/2019,10.5
9/5/2019,7.6
9/5/2019,8.5
9/6/2019,6.9
9/6/2019,13.2
9/6/2019,5.4
9/6/2019,5.4
9/7/2019,8.4
9/7/2019,9.7
9/7/2019,11.1
9/7/2019,11.1
9/8/2019,9.1
9/8/2019,10.7
9/8/2019,10.9
9/9/2019,10.1
9/9/2019,6.8
9/9/2019,11.5
9/9/2019,11.7
9/10/2019,8.9
9/10/2019,12.1
9/10/2019,9.6
9/10/2019,9.4
9/11/2019,3.9
9/11/2019,0.6
9/11/2019,4.3
9/11/2019,4.2
9/12/2019,4.6
9/12/2019,4.5
9/12/2019,1
9/12/2019,5.7
9/12/2019,5.7
9/13/2019,4.3
9/13/2019,0.7
9/13/2019,5.6
9/13/2019,5.8
9/14/2019,5.1
9/14/2019,-0.4
9/14/2019,5.5
9/14/2019,4.7
9/15/2019,4.5
9/15/2019,2.1
9/15/2019,5.1
9/15/2019,6
9/16/2019,5
9/16/2019,4.1
9/16/2019,5.4
9/16/2019,5.1
9/17/2019,3.3
9/17/2019,1.1
9/17/2019,4.2
9/17/2019,4.2
9/18/2019,3.5
9/18/2019,6.2
9/18/2019,2.4
9/18/2019,4.2
9/18/2019,4.4
9/19/2019,3.3
9/19/2019,2.3
9/19/2019,3.6
9/19/2019,3.2
9/20/2019,1.7
9/20/2019,1.9
9/20/2019,2
9/20/2019,2.6
9/21/2019,2.4
9/21/2019,2.5
9/21/2019,2.8
9/21/2019,3.2
9/22/2019,2.8
9/22/2019,3.5
9/22/2019,4
9/22/2019,4.4
9/23/2019,2.8
9/23/2019,3.1
9/23/2019,4.5
9/23/2019,4.6
9/24/2019,2.8
9/24/2019,4.8
9/24/2019,4.1
9/24/2019,3.6
9/24/2019,4.5
9/25/2019,2.5
9/25/2019,1.7
9/25/2019,3.3
9/25/2019,3.5
9/26/2019,2.9
9/26/2019,2.4
9/26/2019,4.2
9/26/2019,4.3
9/27/2019,3.1
9/27/2019,3.8
9/27/2019,4.4
9/27/2019,4.6
9/28/2019,4.9
9/28/2019,2
9/28/2019,2.4
9/29/2019,0.4
9/29/2019,0.3
9/29/2019,0.8
9/29/2019,0.8
9/30/2019,2.3
9/30/2019,3.7
9/30/2019,2.2
9/30/2019,3.5
9/30/2019,2.1
10/1/2019,3.3
10/1/2019,2.4
10/1/2019,4.3
10/1/2019,3.5
10/2/2019,2.6
10/2/2019,2.3
10/2/2019,3.3
10/2/2019,4
10/3/2019,3.6
10/3/2019,4.1
10/3/2019,4
10/3/2019,4.4
10/4/2019,3.8
10/4/2019,2.7
10/4/2019,4.2
10/4/2019,4.4
10/5/2019,1.8
10/5/2019,1.9
10/5/2019,2.9
10/5/2019,2.4
10/6/2019,2.5
10/6/2019,2.5
10/6/2019,2.8
10/6/2019,3.8
10/6/2019,3.4
10/7/2019,3.1
10/7/2019,2.8
10/7/2019,4.4
10/7/2019,4.3
10/8/2019,6
10/8/2019,6.6
10/8/2019,6.8
10/8/2019,7.2
10/9/2019,2.3
10/9/2019,1.5
10/9/2019,2.3
10/9/2019,2.6
10/10/2019,1.9
10/10/2019,1.5
10/10/2019,1.5
10/11/2019,3
10/11/2019,4.1
10/11/2019,2.9
10/12/2019,4.4
10/12/2019,4.8
10/12/2019,5.2
10/13/2019,4.6
10/13/2019,4.9
10/13/2019,5.3
10/14/2019,6
10/14/2019,6.9
10/14/2019,7.2
10/15/2019,6.2
10/15/2019,8.7
10/15/2019,8.5
10/16/2019,7.2
10/16/2019,6.5
10/16/2019,7.7
10/16/2019,8
10/17/2019,6
10/17/2019,6.1
10/17/2019,6.5
10/17/2019,6.9
10/18/2019,3
10/18/2019,2.4
10/18/2019,3.5
10/18/2019,3.8
10/19/2019,1.7
10/19/2019,1.5
10/19/2019,1.3
10/19/2019,1.2
10/20/2019,0.7
10/20/2019,-0.1
10/20/2019,0.7
10/20/2019,0.6
10/21/2019,1.6
10/21/2019,1
10/21/2019,1.3
10/21/2019,1.4
10/22/2019,1.7
10/22/2019,1.8
10/22/2019,2.4
10/22/2019,2.2
10/23/2019,1.9
10/23/2019,1.7
10/23/2019,2
10/23/2019,2.5
10/24/2019,2.5
10/24/2019,3.1
10/24/2019,2.4
10/24/2019,4.2
10/24/2019,4.2
10/25/2019,4.1
10/25/2019,4.4
10/25/2019,5.4
10/25/2019,5.3
10/26/2019,3.8
10/26/2019,3.2
10/26/2019,3.8
10/26/2019,3.6
10/27/2019,1.3
10/27/2019,0.9
10/27/2019,1
10/27/2019,0.9
10/28/2019,2.6
10/28/2019,3.3
10/28/2019,2.4
10/28/2019,2.4
10/29/2019,3.5
10/29/2019,2.6
10/29/2019,2.7
10/29/2019,2.8
10/30/2019,1.3
10/30/2019,3.4
10/30/2019,4.2
10/30/2019,4.4
10/31/2019,5.3
10/31/2019,6
10/31/2019,5.3
11/1/2019,5.6
11/1/2019,6.7
11/1/2019,6.3
11/2/2019,6.3
11/2/2019,5.6
11/2/2019,6
11/2/2019,6.6
11/3/2019,9.5
11/3/2019,8.8
11/3/2019,9.8
11/3/2019,9.8
11/4/2019,7.9
11/4/2019,6.5
11/4/2019,7.7
11/4/2019,8.5
11/5/2019,6.7
11/5/2019,7.2
11/5/2019,5.8
11/5/2019,5.9
11/5/2019,6.5
11/6/2019,6.5
11/6/2019,5.3
11/6/2019,6.4
11/6/2019,7.7
11/7/2019,6.4
11/7/2019,5.7
11/7/2019,6.8
11/7/2019,7.6
11/8/2019,8.3
11/8/2019,7.4
11/8/2019,8.9
11/8/2019,8.6
11/9/2019,10.9
11/9/2019,10.6
11/9/2019,9.5
11/9/2019,10.2
11/10/2019,10.9
11/10/2019,10.4
11/10/2019,10.9
11/10/2019,11.5
11/11/2019,2.4
11/11/2019,3.8
11/11/2019,3.2
11/11/2019,1.7
11/11/2019,2
11/12/2019,6.1
11/12/2019,4.8
11/12/2019,4.7
11/12/2019,5.2
11/13/2019,7.7
11/13/2019,7.1
11/13/2019,8.4
11/13/2019,8.3
11/14/2019,6.5
11/14/2019,6.1
11/14/2019,6.1
11/14/2019,6.3
11/15/2019,7.3
11/15/2019,5.8
11/15/2019,7.4
11/15/2019,6.9
11/16/2019,5.4
11/16/2019,4.7
11/16/2019,5.1
11/16/2019,5
11/17/2019,6
11/17/2019,6
11/17/2019,5.2
11/17/2019,6.6
11/17/2019,6.3
11/18/2019,8.4
11/18/2019,8.1
11/18/2019,8.6
11/18/2019,8.8
11/19/2019,10.4
11/19/2019,11
11/19/2019,16
11/19/2019,16
11/20/2019,3.3
11/20/2019,3.1
11/20/2019,4.2
11/20/2019,4.4
11/21/2019,1.8
11/21/2019,1.4
11/21/2019,1.6
11/21/2019,1.6
11/22/2019,4.4
11/22/2019,3.9
11/22/2019,4.7
11/22/2019,5.3
11/23/2019,7.1
11/23/2019,7.3
11/23/2019,6.9
11/23/2019,8.9
11/23/2019,8.8
11/24/2019,9.8
11/24/2019,10.1
11/24/2019,11.8
11/24/2019,11.2
11/25/2019,5
11/25/2019,4.6
11/25/2019,4.8
11/25/2019,5.1
11/26/2019,5.3
11/26/2019,6.2
11/26/2019,5.6
11/27/2019,5.7
11/27/2019,4.9
11/27/2019,5.8
11/27/2019,5.7
11/28/2019,3
11/28/2019,4.2
11/28/2019,4.8
11/29/2019,2.6
11/29/2019,2.7
11/29/2019,2.3
11/29/2019,2.4
11/30/2019,2.4
11/30/2019,5.3
11/30/2019,4.3
12/1/2019,9.4
12/1/2019,8.6
12/1/2019,10.2
12/1/2019,10.5
12/2/2019,26.3
12/2/2019,25.2
12/2/2019,30.2
12/2/2019,30.3
12/3/2019,39.3
12/3/2019,39.3
12/3/2019,48.3
12/3/2019,48.6
12/4/2019,26.5
12/4/2019,24.9
12/4/2019,30.9
12/4/2019,30.3
12/5/2019,24.7
12/5/2019,23.6
12/5/2019,30.1
12/5/2019,29.6
12/6/2019,34.1
12/6/2019,32.9
12/6/2019,38.4
12/6/2019,38.3
12/7/2019,13.5
12/7/2019,13.6
12/7/2019,12.1
12/7/2019,12
12/8/2019,7.6
12/8/2019,7.4
12/8/2019,8.9
12/8/2019,8.7
12/9/2019,4.5
12/9/2019,2.2
12/9/2019,3.7
12/9/2019,3.8
12/10/2019,17.3
12/10/2019,17.3
12/10/2019,0.6
12/10/2019,18
12/10/2019,18.9
12/11/2019,21.4
12/11/2019,22.2
12/11/2019,-0.7
12/11/2019,23.9
12/11/2019,23.7
12/12/2019,8.4
12/12/2019,8.9
12/12/2019,-0.2
12/12/2019,9.2
12/12/2019,9.4
12/13/2019,2.1
12/13/2019,2.3
12/13/2019,-0.2
12/13/2019,1.3
12/13/2019,1.3
12/14/2019,1.9
12/14/2019,2.4
12/14/2019,0.5
12/14/2019,2.5
12/14/2019,2.2
12/15/2019,5.6
12/15/2019,-0.4
12/15/2019,5.2
12/15/2019,5.4
12/16/2019,12.5
12/16/2019,-0.3
12/16/2019,13.8
12/16/2019,14.1
12/17/2019,1.6
12/17/2019,4.8
12/17/2019,12.8
12/17/2019,13
12/18/2019,21
12/18/2019,1.5
12/18/2019,18.9
12/18/2019,24.1
12/18/2019,23.3
12/19/2019,33
12/19/2019,9.4
12/19/2019,30.2
12/19/2019,36.1
12/19/2019,36.3
12/20/2019,43.7
12/20/2019,44.2
12/20/2019,38.1
12/20/2019,49.9
12/20/2019,50.1
12/21/2019,39.8
12/21/2019,41
12/21/2019,32.5
12/21/2019,44.4
12/21/2019,44
12/22/2019,49.1
12/22/2019,51.2
12/22/2019,49.5
12/22/2019,53.9
12/22/2019,54
12/23/2019,48.3
12/23/2019,46.4
12/23/2019,50.5
12/23/2019,49.9
12/24/2019,8.1
12/24/2019,8.2
12/24/2019,6
12/24/2019,6.4
12/24/2019,6.2
12/25/2019,5.2
12/25/2019,4.7
12/25/2019,2.6
12/25/2019,4
12/25/2019,4
12/26/2019,8.6
12/26/2019,8.4
12/26/2019,7.7
12/26/2019,8.5
12/26/2019,9.1
12/27/2019,5.4
12/27/2019,4.7
12/27/2019,3.4
12/27/2019,4.7
12/27/2019,4.7
12/28/2019,6.5
12/28/2019,5.7
12/28/2019,4.7
12/28/2019,5.4
12/28/2019,5.1
12/29/2019,0.7
12/29/2019,7.4
12/29/2019,8
12/29/2019,8.2
12/30/2019,18.5
12/30/2019,16.9
12/30/2019,19.7
12/30/2019,20.2
12/31/2019,17.7
12/31/2019,23.7
1/1/2020,10.9
1/1/2020,10.2
1/1/2020,11.7
1/2/2020,4.7
1/2/2020,4.1
1/2/2020,2.5
1/3/2020,13.7
1/3/2020,11.4
1/3/2020,14
1/4/2020,11.4
1/4/2020,9.4
1/4/2020,12.8
1/5/2020,6.1
1/5/2020,4.8
1/5/2020,5.5
1/6/2020,4.1
1/6/2020,3.8
1/6/2020,3.9
1/7/2020,8.9
1/7/2020,7
1/7/2020,8.1
1/8/2020,13.2
1/8/2020,14.4
1/9/2020,2.9
1/9/2020,3
1/9/2020,2.9
1/10/2020,5.2
1/10/2020,5.3
1/10/2020,5.4
1/11/2020,6.5
1/11/2020,6.5
1/11/2020,6.9
1/12/2020,4.6
1/12/2020,4.4
1/12/2020,5.3
1/13/2020,2
1/13/2020,2
1/13/2020,1
1/14/2020,3.2
1/14/2020,3.4
1/14/2020,1.6
1/14/2020,2.3
1/15/2020,8.3
1/15/2020,8.4
1/15/2020,7.1
1/15/2020,7.6
1/16/2020,16.7
1/16/2020,16.3
1/16/2020,17.3
1/17/2020,2.5
1/17/2020,2.5
1/17/2020,3.2
1/17/2020,3.1
1/18/2020,8.5
1/18/2020,8.9
1/18/2020,7.8
1/18/2020,7.9
1/19/2020,23.3
1/19/2020,25
1/19/2020,24.6
1/20/2020,35.6
1/20/2020,38.6
1/20/2020,39.3
1/21/2020,39.6
1/21/2020,38.7
1/21/2020,45.3
1/21/2020,44.3
1/22/2020,12.2
1/22/2020,12.3
1/22/2020,13.6
1/22/2020,13.6
1/23/2020,12.1
1/23/2020,11.8
1/23/2020,11.2
1/23/2020,12.2
1/24/2020,16.5
1/24/2020,16.6
1/24/2020,17.2
1/24/2020,17.8
1/25/2020,15.1
1/25/2020,14.9
1/25/2020,16.8
1/25/2020,17.1
1/26/2020,15
1/26/2020,14.6
1/26/2020,13.4
1/26/2020,13.8
1/27/2020,3.8
1/27/2020,3.7
1/27/2020,2.6
1/27/2020,2.6
1/28/2020,7.8
1/28/2020,7.9
1/28/2020,6.7
1/28/2020,7.5
1/29/2020,6.4
1/29/2020,6.6
1/29/2020,6.3
1/29/2020,6.9
1/30/2020,6.8
1/30/2020,6.8
1/30/2020,6.3
1/30/2020,7.2
1/31/2020,10.2
1/31/2020,10.2
1/31/2020,9.3
1/31/2020,10.1
2/1/2020,21.6
2/1/2020,21.7
2/1/2020,21.7
2/1/2020,21.8
2/2/2020,12
2/2/2020,11.9
2/2/2020,11.6
2/2/2020,11.6
2/3/2020,1.9
2/3/2020,1.5
2/3/2020,1.1
2/3/2020,1
2/4/2020,5.4
2/4/2020,5.8
2/4/2020,4.4
2/4/2020,4.9
2/5/2020,10.4
2/5/2020,2
2/5/2020,10.1
2/5/2020,11.4
2/6/2020,8.2
2/6/2020,8.4
2/6/2020,9.4
2/6/2020,10
2/7/2020,1.2
2/7/2020,1
2/7/2020,1
2/7/2020,0.9
2/8/2020,2.1
2/8/2020,1.9
2/8/2020,1.6
2/8/2020,2.1
2/9/2020,3
2/9/2020,2.9
2/9/2020,2.1
2/9/2020,3.2
2/10/2020,6.3
2/10/2020,6.3
2/10/2020,6
2/11/2020,10.5
2/11/2020,1.9
2/11/2020,11.3
2/11/2020,11.3
2/12/2020,20.5
2/12/2020,21.7
2/12/2020,21.1
2/12/2020,23
2/13/2020,14.9
2/13/2020,15.4
2/13/2020,15
2/13/2020,16.2
2/14/2020,6.7
2/14/2020,6.8
2/14/2020,6.1
2/14/2020,6.9
2/15/2020,3.3
2/15/2020,3.2
2/15/2020,2.9
2/15/2020,2.6
2/16/2020,3.2
2/16/2020,3.3
2/16/2020,4.1
2/16/2020,4
2/17/2020,1.7
2/17/2020,1.6
2/17/2020,1.1
2/17/2020,1.5
2/18/2020,5.6
2/18/2020,5.3
2/18/2020,4.8
2/18/2020,5.8
2/19/2020,7.6
2/19/2020,7.6
2/19/2020,7.7
2/19/2020,8.4
2/20/2020,8
2/20/2020,2.3
2/20/2020,7.5
2/20/2020,8.2
2/21/2020,13.8
2/21/2020,4.3
2/21/2020,14.2
2/21/2020,14.2
2/22/2020,20.3
2/22/2020,20.9
2/22/2020,22.4
2/22/2020,22.6
2/23/2020,22
2/23/2020,22.4
2/23/2020,24.6
2/23/2020,25.5
2/24/2020,1.7
2/24/2020,2
2/24/2020,2.1
2/24/2020,1.9
2/25/2020,4.3
2/25/2020,4.5
2/25/2020,4.4
2/25/2020,4
2/26/2020,7.4
2/26/2020,7.2
2/26/2020,7
2/26/2020,7.1
2/27/2020,16.6
2/27/2020,16.8
2/27/2020,17.9
2/27/2020,19
2/28/2020,17.2
2/28/2020,17.5
2/28/2020,18.8
2/28/2020,19.9
2/29/2020,12.6
2/29/2020,12.8
2/29/2020,13.2
2/29/2020,13.9
3/1/2020,1.2
3/1/2020,1.2
3/1/2020,1.3
3/1/2020,1.4
3/2/2020,6.1
3/2/2020,6.5
3/2/2020,6
3/2/2020,5.4
3/3/2020,8
3/3/2020,7.6
3/3/2020,9.3
3/3/2020,9.1
3/4/2020,10.1
3/4/2020,10
3/4/2020,10.8
3/4/2020,11.3
3/5/2020,10.3
3/5/2020,10.4
3/5/2020,10.7
3/5/2020,11.5
3/6/2020,14.8
3/6/2020,15.1
3/6/2020,16.2
3/6/2020,16.8
3/7/2020,6.8
3/7/2020,6.7
3/7/2020,6.6
3/7/2020,6.2
3/8/2020,2.7
3/8/2020,2.4
3/8/2020,3
3/8/2020,2.6
3/9/2020,3.7
3/9/2020,3.9
3/9/2020,5.9
3/10/2020,2
3/10/2020,3.3
3/10/2020,3.2
3/11/2020,4.1
3/11/2020,3.9
3/11/2020,4.3
3/11/2020,4.3
3/12/2020,3.4
3/12/2020,3.5
3/12/2020,3.4
3/12/2020,3.8
3/13/2020,6.3
3/13/2020,6.3
3/13/2020,6.4
3/13/2020,6.5
3/14/2020,2.3
3/14/2020,2.3
3/14/2020,2.6
3/14/2020,2.8
3/15/2020,1.6
3/15/2020,1.5
3/15/2020,1.3
3/15/2020,1.4
3/16/2020,3.7
3/16/2020,3.1
3/16/2020,4
3/16/2020,3.9
3/17/2020,3.1
3/17/2020,2.8
3/17/2020,3
3/17/2020,3.9
3/18/2020,1.9
3/18/2020,1.9
3/18/2020,2
3/18/2020,2.2
3/19/2020,2.2
3/19/2020,2.2
3/19/2020,2.6
3/19/2020,3
3/20/2020,3.5
3/20/2020,3.3
3/20/2020,4
3/20/2020,4.1
3/21/2020,3.6
3/21/2020,3.4
3/21/2020,3.4
3/21/2020,3.9
3/22/2020,2.7
3/22/2020,2.8
3/22/2020,3.2
3/22/2020,3.3
3/23/2020,1.9
3/23/2020,1.8
3/23/2020,2.4
3/23/2020,1.9
3/24/2020,1.2
3/24/2020,1.2
3/24/2020,2
3/24/2020,1.4
3/25/2020,1.5
3/25/2020,1.5
3/25/2020,2.4
3/25/2020,1.7
3/26/2020,1.7
3/26/2020,1.5
3/26/2020,1.8
3/26/2020,1.5
3/27/2020,3.4
3/27/2020,3.1
3/27/2020,3.7
3/27/2020,3.1
3/28/2020,4.8
3/28/2020,3.8
3/28/2020,4.8
3/29/2020,3.9
3/29/2020,3.3
3/29/2020,3.2
3/29/2020,3.5
3/30/2020,1.9
3/30/2020,3.4
3/30/2020,2.8
3/31/2020,2.7
3/31/2020,1.5
3/31/2020,1.7
3/31/2020,1.4
4/1/2020,1
4/1/2020,0.9
4/1/2020,0.9
4/1/2020,0.7
4/2/2020,2
4/2/2020,0.9
4/2/2020,1
4/3/2020,2
4/3/2020,1.9
4/3/2020,1.5
4/3/2020,1.5
4/4/2020,3
4/4/2020,3
4/4/2020,3.1
4/4/2020,3.3
4/5/2020,4.6
4/5/2020,2.6
4/5/2020,3.5
4/5/2020,3
4/6/2020,3.1
4/6/2020,3.2
4/6/2020,3.5
4/6/2020,3.7
4/7/2020,3.6
4/7/2020,2.7
4/7/2020,3.5
4/7/2020,3.7
4/8/2020,2.9
4/8/2020,2.3
4/8/2020,3.7
4/8/2020,3.3
4/9/2020,2.7
4/9/2020,3
4/9/2020,3.2
4/9/2020,4
4/10/2020,3.2
4/10/2020,3
4/10/2020,3.8
4/10/2020,3.6
4/11/2020,4.4
4/11/2020,3.6
4/11/2020,4
4/11/2020,4.4
4/12/2020,1.7
4/12/2020,1.3
4/12/2020,0.8
4/12/2020,1.3
4/13/2020,3.4
4/13/2020,3.3
4/13/2020,2.5
4/13/2020,3.5
4/14/2020,4.1
4/14/2020,2.6
4/14/2020,4.8
4/14/2020,4.3
4/15/2020,3
4/15/2020,1.6
4/15/2020,2.3
4/15/2020,2.1
4/16/2020,2
4/16/2020,1.9
4/16/2020,1.8
4/16/2020,1.5
4/17/2020,4.3
4/17/2020,4
4/17/2020,4.5
4/17/2020,3.4
4/18/2020,5.5
4/18/2020,5.2
4/18/2020,5.4
4/18/2020,5.9
4/19/2020,3.4
4/19/2020,3.8
4/19/2020,3.6
4/19/2020,3.8
4/20/2020,4.2
4/20/2020,4.3
4/20/2020,4.5
4/20/2020,4.7
4/21/2020,4.7
4/21/2020,4
4/21/2020,5.2
4/21/2020,5.2
4/22/2020,4.2
4/22/2020,4.4
4/22/2020,3.8
4/22/2020,3.5
4/23/2020,2.7
4/23/2020,2.4
4/23/2020,3.2
4/23/2020,2.8
4/24/2020,2.8
4/24/2020,2
4/24/2020,2.8
4/24/2020,3.1
4/25/2020,3.8
4/25/2020,3.3
4/25/2020,4.8
4/25/2020,4.3
4/26/2020,3.4
4/26/2020,2.9
4/26/2020,3.9
4/26/2020,3.7
4/27/2020,5.4
4/27/2020,4.1
4/27/2020,4.3
4/27/2020,4.2
4/28/2020,6.8
4/28/2020,2.5
4/28/2020,2.9
4/28/2020,3.2
4/29/2020,3.1
4/29/2020,3.9
4/29/2020,3.9
4/30/2020,4.9
4/30/2020,6.5
4/30/2020,4
4/30/2020,4.4
5/1/2020,4.5
5/1/2020,1.5
5/1/2020,5.3
5/1/2020,4.6
5/2/2020,5.1
5/2/2020,5.1
5/2/2020,6.9
5/2/2020,6.3
5/3/2020,3.2
5/3/2020,8.5
5/3/2020,3.3
5/3/2020,3.6
5/4/2020,2.6
5/4/2020,0.9
5/4/2020,2.4
5/4/2020,2.9
5/5/2020,4
5/5/2020,7.4
5/5/2020,4.5
5/5/2020,3.9
5/6/2020,9.7
5/6/2020,6.5
5/6/2020,7.6
5/6/2020,7.3
5/7/2020,3.4
5/7/2020,2.5
5/7/2020,2.3
5/7/2020,2.4
5/8/2020,3.8
5/8/2020,4
5/8/2020,3.7
5/8/2020,3.5
5/9/2020,4.4
5/9/2020,4.2
5/9/2020,3.8
5/9/2020,3.2
5/10/2020,4.8
5/10/2020,5.5
5/10/2020,5.7
5/10/2020,5.1
5/11/2020,8.8
5/11/2020,9.1
5/11/2020,8.2
5/11/2020,8
5/12/2020,6.4
5/12/2020,8.1
5/12/2020,4.6
5/12/2020,4.6
5/13/2020,2.2
5/13/2020,3.8
5/13/2020,2.6
5/13/2020,2.4
5/14/2020,2.8
5/14/2020,2.4
5/14/2020,2.7
5/14/2020,3.2
5/15/2020,2.4
5/15/2020,2
5/15/2020,4.4
5/15/2020,2.4
5/16/2020,3.2
5/16/2020,1.9
5/16/2020,3.5
5/16/2020,2.9
5/17/2020,5.7
5/17/2020,5.2
5/17/2020,5.7
5/17/2020,6.3
5/18/2020,10.5
5/18/2020,7.3
5/18/2020,8.3
5/18/2020,7.9
5/19/2020,13.9
5/19/2020,14.6
5/19/2020,14.4
5/19/2020,14.4
5/20/2020,6.5
5/20/2020,7.8
5/20/2020,6.8
5/20/2020,6.6
5/21/2020,2.1
5/21/2020,1.9
5/21/2020,2.8
5/21/2020,1.6
5/22/2020,2.2
5/22/2020,2.2
5/22/2020,3
5/22/2020,2.5
5/23/2020,1.6
5/23/2020,1.5
5/23/2020,1.3
5/24/2020,2.2
5/24/2020,3
5/24/2020,3.6
5/24/2020,2.1
5/25/2020,3.2
5/25/2020,7.8
5/25/2020,3.6
5/25/2020,1.8
5/26/2020,3.2
5/26/2020,7.2
5/26/2020,6.4
5/26/2020,3.4
5/27/2020,3.6
5/27/2020,5.8
5/27/2020,4.7
5/27/2020,4.7
5/28/2020,4.3
5/28/2020,7.1
5/28/2020,5.3
5/28/2020,4.7
5/29/2020,5.4
5/29/2020,8.1
5/29/2020,11.1
5/29/2020,5.9
5/30/2020,4.1
5/30/2020,8.4
5/30/2020,7
5/30/2020,4.3
5/31/2020,11.1
5/31/2020,9.3
5/31/2020,13.7
5/31/2020,7.9
6/1/2020,7.3
6/1/2020,8.3
6/1/2020,8.7
6/1/2020,8.3
6/2/2020,5.9
6/2/2020,7.1
6/2/2020,7.7
6/2/2020,6.4
6/3/2020,5.7
6/3/2020,5
6/3/2020,6.6
6/3/2020,9
6/4/2020,5.9
6/4/2020,9.8
6/4/2020,8
6/4/2020,6.5
6/5/2020,9.1
6/5/2020,12.5
6/5/2020,8.6
6/5/2020,8.4
6/6/2020,6.7
6/6/2020,7.5
6/6/2020,6.7
6/6/2020,6
6/7/2020,5
6/7/2020,2.6
6/7/2020,2.8
6/7/2020,3.3
6/8/2020,3.6
6/8/2020,1.6
6/8/2020,4.3
6/8/2020,2.2
6/9/2020,1.7
6/9/2020,1.9
6/9/2020,1.3
6/9/2020,1.8
6/10/2020,2.1
6/10/2020,2
6/10/2020,1.9
6/10/2020,2.4
6/11/2020,3
6/11/2020,3.7
6/11/2020,4.5
6/11/2020,4.1
6/12/2020,5.9
6/12/2020,5.5
6/12/2020,7.4
6/12/2020,7.5
6/13/2020,5.9
6/13/2020,6.8
6/13/2020,8.1
6/13/2020,8.1
6/14/2020,2.2
6/14/2020,3.8
6/14/2020,3.1
6/15/2020,3.9
6/15/2020,5
6/15/2020,5.1
6/16/2020,2.1
6/16/2020,2.2
6/16/2020,1.6
6/16/2020,1.7
6/17/2020,1.3
6/17/2020,1.2
6/17/2020,0.9
6/17/2020,1
6/18/2020,2.3
6/18/2020,2.1
6/18/2020,1.6
6/18/2020,2.2
6/19/2020,3
6/19/2020,2.8
6/19/2020,4
6/19/2020,3.5
6/20/2020,3.9
6/20/2020,3.6
6/20/2020,5
6/20/2020,4.5
6/21/2020,4.7
6/21/2020,4.2
6/21/2020,5
6/21/2020,4.7
6/22/2020,3.6
6/22/2020,4.1
6/22/2020,4.4
6/22/2020,4.6
6/23/2020,4.7
6/23/2020,4.7
6/23/2020,6.2
6/23/2020,5.8
6/24/2020,5
6/24/2020,4.6
6/24/2020,5.6
6/24/2020,5.7
6/25/2020,5.1
6/25/2020,4.2
6/25/2020,5.6
6/25/2020,5.7
6/26/2020,4.4
6/26/2020,7
6/26/2020,6
6/26/2020,5.2
6/27/2020,14.6
6/27/2020,19
6/27/2020,8
6/27/2020,7.4
6/28/2020,4
6/28/2020,5.4
6/28/2020,2.7
6/28/2020,1.9
6/29/2020,2.4
6/29/2020,2.7
6/29/2020,1.3
6/29/2020,0.8
6/30/2020,1.2
6/30/2020,1.6
6/30/2020,0.8
6/30/2020,0.6
7/1/2020,3.1
7/1/2020,4.7
7/1/2020,2.8
7/1/2020,2.1
7/2/2020,6
7/2/2020,6.8
7/2/2020,6.4
7/2/2020,6.3
7/3/2020,9.8
7/3/2020,9.9
7/3/2020,9.9
7/3/2020,9.8
7/4/2020,11
7/4/2020,11.5
7/4/2020,9.9
7/4/2020,10.1
7/5/2020,7.8
7/5/2020,7.5
7/5/2020,9
7/5/2020,9.7
7/6/2020,7
7/6/2020,7.2
7/6/2020,6.9
7/6/2020,6.7
7/7/2020,8.2
7/7/2020,14.3
7/7/2020,7.9
7/7/2020,7.9
7/8/2020,6.4
7/8/2020,9.9
7/8/2020,6.8
7/8/2020,6.7
7/9/2020,8.3
7/9/2020,9.8
7/9/2020,8
7/9/2020,7.6
7/10/2020,9.6
7/10/2020,9.9
7/10/2020,8
7/10/2020,8.1
7/11/2020,6.7
7/11/2020,9.1
7/11/2020,6.5
7/11/2020,7.3
7/12/2020,6.9
7/12/2020,8
7/12/2020,7.1
7/12/2020,7.3
7/13/2020,5.8
7/13/2020,5.8
7/13/2020,7.1
7/13/2020,7.5
7/14/2020,5.2
7/14/2020,5.3
7/14/2020,5.5
7/14/2020,5.9
7/15/2020,4.9
7/15/2020,4.8
7/15/2020,5.1
7/15/2020,4.8
7/16/2020,6
7/16/2020,7.8
7/16/2020,6.1
7/16/2020,6.1
7/17/2020,7.4
7/17/2020,7.5
7/17/2020,7.1
7/18/2020,8.2
7/18/2020,8.7
7/18/2020,8.6
7/18/2020,8.4
7/19/2020,6.7
7/19/2020,6.2
7/19/2020,7.9
7/19/2020,6.8
7/20/2020,6.8
7/20/2020,6.4
7/20/2020,6.9
7/20/2020,6.3
7/21/2020,7.6
7/21/2020,12.2
7/21/2020,8.5
7/21/2020,7.4
7/22/2020,9.2
7/22/2020,8
7/22/2020,9.3
7/22/2020,9.8
7/23/2020,5
7/23/2020,5.1
7/23/2020,6.9
7/23/2020,7.5
7/24/2020,7.4
7/24/2020,7.3
7/24/2020,8.1
7/24/2020,6.5
7/25/2020,7.4
7/25/2020,7
7/25/2020,9.1
7/25/2020,8.7
7/26/2020,7.6
7/26/2020,13.2
7/26/2020,10.6
7/26/2020,9.8
7/27/2020,8.3
7/27/2020,14.6
7/27/2020,10
7/27/2020,10.6
7/28/2020,4.4
7/28/2020,6.5
7/28/2020,5.5
7/28/2020,5.2
7/29/2020,5
7/29/2020,5
7/29/2020,7.6
7/29/2020,6.9
7/30/2020,7.1
7/30/2020,8
7/30/2020,8.8
7/30/2020,8.7
7/31/2020,8.3
7/31/2020,9.2
7/31/2020,8.7
7/31/2020,8.9
8/1/2020,8.4
8/1/2020,8.7
8/2/2020,6.2
8/2/2020,6.2
8/3/2020,11
8/3/2020,10.7
8/4/2020,10.9
8/4/2020,10.8
8/5/2020,9.7
8/5/2020,10
8/6/2020,7.9
8/6/2020,7.6
8/7/2020,9.2
8/7/2020,8.7
8/8/2020,7.8
8/8/2020,7.4
8/9/2020,7.1
8/9/2020,6.5
8/10/2020,7
8/10/2020,6.9
8/11/2020,4.8
8/11/2020,6.4
8/12/2020,7.8
8/12/2020,8.5
8/13/2020,13.2
8/13/2020,14.8
8/14/2020,10.6
8/14/2020,11.1
8/15/2020,7.5
8/15/2020,8.7
8/16/2020,6.3
8/16/2020,5.7
8/17/2020,10
8/17/2020,9.6
8/18/2020,15.1
8/18/2020,14.1
8/19/2020,14.4
8/19/2020,14
8/20/2020,26.5
8/20/2020,28.5
8/21/2020,65.2
8/21/2020,71.3
8/22/2020,53.4
8/22/2020,57.2
8/23/2020,45.2
8/23/2020,48.1
8/24/2020,25.7
8/24/2020,28.4
8/25/2020,9.2
8/25/2020,10.5
8/26/2020,11
8/26/2020,12.7
8/27/2020,12.4
8/27/2020,13.3
8/28/2020,11.3
8/28/2020,12.3
8/29/2020,12.5
8/29/2020,14
8/30/2020,12
8/30/2020,13.2
8/31/2020,4.5
8/31/2020,5.6
