Date,Precipitation,Snow,Snowdepth_WE,Temp_Max,Temp_Min
1/1/2017,0,0,,23,11
1/2/2017,0.38,6,11,20,12
1/3/2017,0,0,9,27,16
1/4/2017,0.57,7,15,24,17
1/5/2017,0.81,10.5,21,30,3
1/6/2017,0,0,19,9,-12
1/7/2017,0,0,19,2,-15
1/8/2017,0.05,1,17,22,-13
1/9/2017,0.3,0,16,44,20
1/10/2017,0.81,0,13,41,31
1/11/2017,0.79,0.5,10,40,31
1/12/2017,0.2,1,10,37,24
1/13/2017,0,0,10,27,16
1/14/2017,0,0,,24,15
1/15/2017,0,0,,27,9
1/16/2017,0,0,,21,4
1/17/2017,0,0,,17,1
1/18/2017,0,0,,18,1
1/19/2017,0,0,10,23,1
1/20/2017,0.1,1.6,11,28,19
1/21/2017,0.08,0.8,12,33,25
1/22/2017,0.14,1.6,14,33,26
1/23/2017,0.42,7.6,22,33,26
1/24/2017,0.55,8.3,28,35,25
1/25/2017,0.17,3,30,28,16
1/26/2017,0.02,0.3,28,25,16
1/27/2017,0,0.5,25,27,6
1/28/2017,,,24,23,6
1/29/2017,0,0,23,24,1
1/30/2017,0,0,23,18,0
1/31/2017,0,0,22,20,-2
2/1/2017,0,0,21,24,12
2/2/2017,0,0,21,34,20
2/3/2017,0,0,20,32,20
2/4/2017,0.15,0,18,42,25
2/5/2017,0,0,16,47,34
2/6/2017,0.02,0,14,51,36
2/7/2017,0.6,2.4,16,48,31
2/8/2017,0.22,0,14,51,31
2/9/2017,0.34,0,10,49,36
2/10/2017,0.23,0,7,54,38
2/11/2017,0.93,0,6,42,32
2/12/2017,0,0,5,40,21
2/13/2017,0,0,5,34,18
2/14/2017,0,0,,34,20
2/15/2017,0,0,4,37,20
2/16/2017,0,0,4,40,22
2/17/2017,0,0,1,49,25
2/18/2017,0.03,0,1,45,28
2/19/2017,0.63,0,0,50,37
2/20/2017,0.01,0,0,50,35
2/21/2017,0.14,0,0,50,39
2/22/2017,0.25,0,0,58,31
2/23/2017,0.4,4.5,5,38,26
2/24/2017,0.2,2,5,29,21
2/25/2017,0.01,0.2,5,26,14
2/26/2017,0.04,0.2,4,27,10
2/27/2017,0.4,7.5,11,35,10
2/28/2017,0,0,8,34,10
3/1/2017,0.01,0.1,7,32,12
3/2/2017,0,0,5,38,21
3/3/2017,0,0,5,39,22
3/4/2017,0,0,3,43,26
3/5/2017,0,0,0,55,37
3/6/2017,0.53,5,5,55,21
3/7/2017,0.08,0.5,5,30,21
3/8/2017,0,0,0,42,29
3/9/2017,0,0,0,53,38
3/10/2017,0,0,0,58,40
3/11/2017,0,0,0,56,35
3/12/2017,0,0,0,56,37
3/13/2017,0,0,0,53,35
3/14/2017,0,0,0,59,35
3/15/2017,0,0,0,68,41
3/16/2017,0,0,0,70,43
3/17/2017,0,0,0,63,40
3/18/2017,0,0,0,68,43
3/19/2017,0,0,0,74,43
3/20/2017,0,0,0,66,45
3/21/2017,0,0,0,69,46
3/22/2017,0.19,0,0,69,44
3/23/2017,0.68,0,0,56,38
3/24/2017,0.22,0,0,46,33
3/25/2017,0.2,0,0,55,36
3/26/2017,0.15,0,0,40,32
3/27/2017,0,0,0,50,34
3/28/2017,0.55,0,0,43,35
3/29/2017,0,0,0,52,32
3/30/2017,0,0,0,54,35
3/31/2017,0.58,0,0,48,34
4/1/2017,0,0,0,54,36
4/2/2017,0,0,0,58,41
4/3/2017,0.16,0,0,49,31
4/4/2017,0,0,0,49,28
4/5/2017,0,0,0,46,30
4/6/2017,0,0,0,54,33
4/7/2017,0,0,0,70,41
4/8/2017,1.09,0,0,65,35
4/9/2017,0.42,1,1,53,30
4/10/2017,0,0,0,43,28
4/11/2017,0,0,0,54,32
4/12/2017,0,0,0,59,38
4/13/2017,0,0,0,69,46
4/14/2017,0.09,0,0,75,36
4/15/2017,0,0,0,51,30
4/16/2017,0,0,0,51,34
4/17/2017,0,0,0,66,38
4/18/2017,0,0,0,63,46
4/19/2017,0.58,0,0,59,38
4/20/2017,0,0,0,57,39
4/21/2017,0.3,0,0,49,36
4/22/2017,0,0,0,50,33
4/23/2017,0,0,0,58,38
4/24/2017,0,0,0,62,39
4/25/2017,0.57,0,0,45,37
4/26/2017,0.07,0,0,47,37
4/27/2017,0.2,0,0,53,37
4/28/2017,0.05,0.3,0,46,29
4/29/2017,0.12,0,0,39,29
4/30/2017,0,0,0,53,34
5/1/2017,0,0,0,57,38
5/2/2017,0.04,0,0,60,44
5/3/2017,0,0,0,61,38
5/4/2017,0,0,0,66,44
5/5/2017,0,0,0,73,50
5/6/2017,0,0,0,82,56
5/7/2017,0.01,0,0,80,49
5/8/2017,0,0,0,74,45
5/9/2017,0,0,0,65,47
5/10/2017,0,0,0,71,47
5/11/2017,0,0,0,73,48
5/12/2017,0,0,0,77,53
5/13/2017,0,0,0,81,37
5/14/2017,0.01,0,0,53,35
5/15/2017,0,0,0,63,40
5/16/2017,0.23,0,0,66,43
5/17/2017,0.96,3.2,3,61,31
5/18/2017,0.04,0,0,41,29
5/19/2017,0.07,0,0,45,34
5/20/2017,0,0,0,54,38
5/21/2017,0,0,0,65,47
5/22/2017,0,0,0,66,42
5/23/2017,0,0,0,73,50
5/24/2017,0,0,0,77,49
5/25/2017,0.16,0,0,81,46
5/26/2017,0,0,0,64,44
5/27/2017,0,0,0,63,39
5/28/2017,0,0,0,68,45
5/29/2017,0,0,0,73,50
5/30/2017,0,0,0,78,54
5/31/2017,0,0,0,83,55
6/1/2017,0,0,0,87,58
6/2/2017,0,0,0,81,51
6/3/2017,0,0,0,75,51
6/4/2017,0,0,0,85,58
6/5/2017,0,0,0,90,57
6/6/2017,0,0,0,82,55
6/7/2017,0,0,0,87,62
6/8/2017,0,0,0,91,60
6/9/2017,0,0,0,88,53
6/10/2017,0,0,0,81,50
6/11/2017,0,0,0,72,50
6/12/2017,0,0,0,82,55
6/13/2017,0.45,0,0,69,42
6/14/2017,0.14,0,0,60,43
6/15/2017,0,0,0,72,48
6/16/2017,0,0,0,80,50
6/17/2017,0,0,0,82,60
6/18/2017,0,0,0,74,50
6/19/2017,0,0,0,81,56
6/20/2017,0,0,0,87,61
6/21/2017,0,0,0,93,60
6/22/2017,0,0,0,90,55
6/23/2017,0,0,0,82,50
6/24/2017,0,0,0,80,53
6/25/2017,0,0,0,83,58
6/26/2017,0,0,0,88,61
6/27/2017,0,0,0,92,62
6/28/2017,0,0,0,84,53
6/29/2017,0,0,0,83,54
6/30/2017,0,0,0,80,51
7/1/2017,0,0,0,79,53
7/2/2017,0,0,0,86,62
7/3/2017,0,0,0,91,61
7/4/2017,0,0,0,92,63
7/5/2017,0,0,0,95,67
7/6/2017,0,0,0,99,65
7/7/2017,0,0,0,95,68
7/8/2017,0,0,0,96,68
7/9/2017,0.08,0,0,98,63
7/10/2017,0,0,0,94,68
7/11/2017,0,0,0,90,65
7/12/2017,0,0,0,90,61
7/13/2017,0,0,0,91,63
7/14/2017,0,0,0,94,63
7/15/2017,0.15,0,0,94,66
7/16/2017,0,0,0,95,67
7/17/2017,0,0,0,91,67
7/18/2017,0,0,0,91,63
7/19/2017,0,0,0,95,69
7/20/2017,0,0,0,91,68
7/21/2017,0,0,0,92,68
7/22/2017,0,0,0,91,61
7/23/2017,0,0,0,93,61
7/24/2017,0,0,0,91,63
7/25/2017,0.05,0,0,93,65
7/26/2017,0.13,0,0,81,60
7/27/2017,0,0,0,83,61
7/28/2017,0,0,0,86,60
7/29/2017,0,0,0,86,60
7/30/2017,0,0,0,90,64
7/31/2017,0,0,0,92,63
8/1/2017,0,0,0,92,65
8/2/2017,0,0,0,95,63
8/3/2017,0,0,0,93,64
8/4/2017,0,0,0,93,61
8/5/2017,0,0,0,91,65
8/6/2017,0,0,0,89,57
8/7/2017,0,0,0,85,61
8/8/2017,0,0,0,84,59
8/9/2017,0.04,0,0,79,56
8/10/2017,0,0,0,83,60
8/11/2017,0,0,0,83,59
8/12/2017,0.02,0,0,88,63
8/13/2017,0.04,0,0,88,63
8/14/2017,0,0,0,87,59
8/15/2017,0.02,0,0,76,55
8/16/2017,0,0,0,77,54
8/17/2017,0,0,0,84,57
8/18/2017,0,0,0,86,57
8/19/2017,0,0,0,87,55
8/20/2017,0,0,0,89,58
8/21/2017,0,0,0,88,60
8/22/2017,0,0,0,87,58
8/23/2017,0,0,0,89,62
8/24/2017,0,0,0,86,59
8/25/2017,0,0,0,86,60
8/26/2017,0,0,0,88,62
8/27/2017,0,0,0,91,58
8/28/2017,0,0,0,92,61
8/29/2017,0,0,0,93,64
8/30/2017,0,0,0,93,67
8/31/2017,0,0,0,84,64
9/1/2017,0.06,0,0,82,56
9/2/2017,0,0,0,85,58
9/3/2017,0,0,0,90,61
9/4/2017,0,0,0,93,61
9/5/2017,0,0,0,92,65
9/6/2017,0,0,0,85,62
9/7/2017,0,0,0,87,58
9/8/2017,0,0,0,85,61
9/9/2017,0,0,0,87,61
9/10/2017,0,0,0,81,59
9/11/2017,0,0,0,82,59
9/12/2017,0,0,0,86,59
9/13/2017,0,0,0,86,59
9/14/2017,0.03,0,0,81,56
9/15/2017,0.34,0,0,74,48
9/16/2017,0,0,0,59,42
9/17/2017,0,0,0,60,43
9/18/2017,0,0,0,71,45
9/19/2017,0.65,0,0,78,39
9/20/2017,0.01,0,0,56,39
9/21/2017,0,0,0,68,44
9/22/2017,0.19,0,0,46,37
9/23/2017,0.03,0,0,48,35
9/24/2017,0.14,0,0,53,39
9/25/2017,0.23,0,0,42,39
9/26/2017,0.01,0,0,57,38
9/27/2017,0,0,0,62,41
9/28/2017,0,0,0,68,49
9/29/2017,0,0,0,68,50
9/30/2017,0.01,0,0,68,47
10/1/2017,0.2,0,0,63,40
10/2/2017,0.01,0,0,53,34
10/3/2017,0.01,0,0,47,30
10/4/2017,0,0,0,55,33
10/5/2017,0.02,0,0,58,35
10/6/2017,0,0,0,60,36
10/7/2017,0,0,0,59,39
10/8/2017,0,0,0,69,41
10/9/2017,0,0,0,48,30
10/10/2017,0,0,0,52,33
10/11/2017,0,0,0,58,35
10/12/2017,0,0,0,66,36
10/13/2017,0,0,0,54,30
10/14/2017,0.04,,,58,32
10/15/2017,0.01,0,0,46,28
10/16/2017,0,0,0,54,31
10/17/2017,0,0,0,63,35
10/18/2017,0,0,0,68,39
10/19/2017,0,0,0,70,42
10/20/2017,0,0,0,71,44
10/21/2017,0.07,0,0,66,30
10/22/2017,0,0,0,49,36
10/23/2017,0,0,0,61,46
10/24/2017,0,0,0,59,36
10/25/2017,0,0,0,60,37
10/26/2017,0,0,0,62,37
10/27/2017,0,0,0,61,34
10/28/2017,0,0,0,58,32
10/29/2017,0,0,0,61,37
10/30/2017,0,0,0,65,38
10/31/2017,0,0,0,46,29
11/1/2017,0,0,0,51,30
11/2/2017,0,0,0,58,43
11/3/2017,0.04,0,0,61,45
11/4/2017,0.04,0,0,52,43
11/5/2017,0.57,0,0,43,31
11/6/2017,0.02,0,0,39,32
11/7/2017,0.06,0,0,44,27
11/8/2017,0,0,0,40,21
11/9/2017,0,0,0,36,22
11/10/2017,0,0,0,55,29
11/11/2017,0.02,0,0,47,34
11/12/2017,0,0,0,50,32
11/13/2017,0,0,0,51,33
11/14/2017,0,0,0,60,34
11/15/2017,0,0,0,49,29
11/16/2017,0,0,0,57,31
11/17/2017,1.51,0,0,55,32
11/18/2017,0.06,0,0,37,24
11/19/2017,0,0,0,39,24
11/20/2017,0,0,0,40,24
11/21/2017,0.04,0,0,46,33
11/22/2017,0,0,0,58,40
11/23/2017,0,0,0,59,42
11/24/2017,0,0,0,63,42
11/25/2017,0,0,0,52,36
11/26/2017,0,0,0,51,35
11/27/2017,0,0,0,60,35
11/28/2017,0.11,0,0,57,30
11/29/2017,0,0,0,42,30
11/30/2017,0,0,0,44,24
12/1/2017,0.02,0.2,0,41,24
12/2/2017,0,0,0,41,25
12/3/2017,0,0,0,43,25
12/4/2017,0.39,5,5,54,25
12/5/2017,0,0,3,32,12
12/6/2017,0,0,2,26,10
12/7/2017,0,0,2,26,9
12/8/2017,0,0,2,23,10
12/9/2017,0,0,2,26,9
12/10/2017,0,0,2,26,9
12/11/2017,0,0,2,22,9
12/12/2017,0,0,2,23,9
12/13/2017,0,0,2,30,10
12/14/2017,0,0,2,25,11
12/15/2017,0,0,2,34,19
12/16/2017,0.14,1.8,4,33,17
12/17/2017,0.04,0.4,4,30,21
12/18/2017,0,0,4,31,23
12/19/2017,0,0,4,33,24
12/20/2017,0,0,4,43,25
12/21/2017,0.13,2.4,6,42,17
12/22/2017,0,0,6,29,13
12/23/2017,0.16,3,8,33,14
12/24/2017,0,0,7,33,8
12/25/2017,0.13,1.7,8,24,8
12/26/2017,0,0.1,8,32,24
12/27/2017,0,0,,39,22
12/28/2017,0,0,,39,25
12/29/2017,0,0,6,42,26
12/30/2017,0,0,5,50,31
12/31/2017,0,0,3,51,21
1/1/2018,0,0,3,30,15
1/2/2018,0,0,3,34,16
1/3/2018,0,0,3,30,13
1/4/2018,0,0,3,31,13
1/5/2018,0,0,3,39,15
1/6/2018,0,0,,40,24
1/7/2018,0.26,2,5,32,26
1/8/2018,0,0,5,34,22
1/9/2018,0.08,0,5,37,21
1/10/2018,0.31,0,3,45,32
1/11/2018,0,0,3,37,27
1/12/2018,0,0,2,44,28
1/13/2018,0,0,2,42,29
1/14/2018,0,0,1,45,27
1/15/2018,0,0,0,40,26
1/16/2018,0,0,0,41,26
1/17/2018,0,0,0,40,28
1/18/2018,0,0,0,42,32
1/19/2018,0,0,0,48,32
1/20/2018,0.28,,,48,26
1/21/2018,0,0,,33,19
1/22/2018,0,0,2,33,15
1/23/2018,0.03,0.3,2,30,16
1/24/2018,0,0,1,32,18
1/25/2018,0,0,1,36,22
1/26/2018,0.14,1.7,3,44,22
1/27/2018,0,0,3,35,25
1/28/2018,0,0,3,38,27
1/29/2018,0,0,1,42,32
1/30/2018,0,0,0,43,32
1/31/2018,0,0,0,55,36
2/1/2018,0,0,0,41,33
2/2/2018,0,0,0,45,34
2/3/2018,0,0,0,48,38
2/4/2018,0,0,0,50,40
2/5/2018,0,0,0,51,44
2/6/2018,0,0,0,46,31
2/7/2018,0,0,0,41,32
2/8/2018,0,0,0,45,31
2/9/2018,0,0,0,54,34
2/10/2018,0,0,0,51,31
2/11/2018,0,0,0,41,16
2/12/2018,0,0,0,39,21
2/13/2018,0,0,0,43,25
2/14/2018,0,0,0,41,25
2/15/2018,0.01,0.4,0,45,28
2/16/2018,0,0,0,34,14
2/17/2018,0,0,0,36,14
2/18/2018,0.16,1.8,2,52,34
2/19/2018,0.87,9.8,12,47,22
2/20/2018,0.1,1.8,10,23,11
2/21/2018,0,0,8,22,4
2/22/2018,0,0,7,22,5
2/23/2018,0.02,0.4,7,23,9
2/24/2018,0.06,1,8,22,9
2/25/2018,0,0,7,26,13
2/26/2018,0,0,6,32,19
2/27/2018,0.07,0.7,6,40,23
2/28/2018,0,0,6,30,18
3/1/2018,0,0,6,28,12
3/2/2018,0,0,4,42,22
3/3/2018,0.29,3.3,7,46,25
3/4/2018,0.35,6.5,13,36,25
3/5/2018,0.04,0.4,11,33,20
3/6/2018,0,0,8,35,17
3/7/2018,0,0,7,35,17
3/8/2018,0,0,6,34,18
3/9/2018,0,0,5,42,19
3/10/2018,0,0,4,50,34
3/11/2018,0,0,0,46,29
3/12/2018,0,0,0,49,31
3/13/2018,0,0,0,53,32
3/14/2018,0,0,0,57,31
3/15/2018,0.58,1.9,2,59,31
3/16/2018,0.27,0.3,0,40,28
3/17/2018,0.04,0,0,49,28
3/18/2018,0.02,0,0,40,24
3/19/2018,0,0.1,0,38,23
3/20/2018,0,0,0,42,26
3/21/2018,0,0,0,49,30
3/22/2018,0,0,0,50,37
3/23/2018,0.9,0,0,59,34
3/24/2018,0,0,0,52,37
3/25/2018,0.02,0.2,0,46,30
3/26/2018,0.33,3.1,3,35,26
3/27/2018,0,0,0,40,24
3/28/2018,0.01,0,0,47,24
3/29/2018,0,0,0,53,35
3/30/2018,0,0,0,52,37
3/31/2018,0,0,0,60,40
4/1/2018,0,0,0,60,41
4/2/2018,0,0,0,60,41
4/3/2018,0.1,0,0,54,20
4/4/2018,0,0,0,45,20
4/5/2018,0,0,0,53,39
4/6/2018,0.39,0,0,58,40
4/7/2018,0.18,0,0,51,42
4/8/2018,0.28,0,0,57,38
4/9/2018,0.02,0,0,47,34
4/10/2018,0,0,0,56,35
4/11/2018,0,0,0,62,38
4/12/2018,0.18,0,0,61,34
4/13/2018,0.61,1,1,39,30
4/14/2018,0,0,0,45,31
4/15/2018,0,0,0,54,35
4/16/2018,0,0,0,66,42
4/17/2018,0.08,0,0,67,31
4/18/2018,0,0,0,44,27
4/19/2018,0,0,0,54,33
4/20/2018,0,0,0,63,42
4/21/2018,0,0,0,64,39
4/22/2018,0,0,0,67,43
4/23/2018,0.17,0,0,72,43
4/24/2018,0,0,0,61,36
4/25/2018,0,0,0,61,40
4/26/2018,0,0,0,67,43
4/27/2018,0,0,0,72,47
4/28/2018,0,0,0,79,53
4/29/2018,0,0,0,79,42
4/30/2018,0.27,0,0,61,36
5/1/2018,0.32,0,0,47,34
5/2/2018,0,0,0,57,36
5/3/2018,0.03,0,0,60,38
5/4/2018,0,0,0,66,42
5/5/2018,0,0,0,71,47
5/6/2018,0,0,0,76,55
5/7/2018,0,0,0,81,51
5/8/2018,0,0,0,78,46
5/9/2018,0,0,0,76,54
5/10/2018,0,0,0,81,57
5/11/2018,0.19,0,0,74,46
5/12/2018,0.83,0,0,46,41
5/13/2018,0.36,0,0,51,39
5/14/2018,0.02,0,0,65,42
5/15/2018,0,0,0,68,45
5/16/2018,0,0,0,72,46
5/17/2018,0,0,0,76,47
5/18/2018,0,0,0,75,46
5/19/2018,0.01,0,0,71,50
5/20/2018,0,0,0,71,52
5/21/2018,0,0,0,77,50
5/22/2018,0,0,0,76,50
5/23/2018,0.22,0,0,68,49
5/24/2018,0,0,0,72,49
5/25/2018,0,0,0,80,53
5/26/2018,0,0,0,84,51
5/27/2018,0.01,0,0,78,51
5/28/2018,0,0,0,70,49
5/29/2018,0.14,0,0,72,51
5/30/2018,0,0,0,73,52
5/31/2018,0.4,0,0,83,54
6/1/2018,0.07,0,0,81,49
6/2/2018,0,0,0,65,43
6/3/2018,0,0,0,74,51
6/4/2018,0,0,0,83,53
6/5/2018,0,0,0,88,56
6/6/2018,0,0,0,88,55
6/7/2018,0,0,0,88,57
6/8/2018,0,0,0,87,55
6/9/2018,0,0,0,85,58
6/10/2018,0,0,0,89,49
6/11/2018,0,0,0,65,41
6/12/2018,0,0,0,75,45
6/13/2018,0,0,0,77,53
6/14/2018,0,0,0,89,59
6/15/2018,0,0,0,89,56
6/16/2018,0,0,0,76,54
6/17/2018,0,0,0,77,59
6/18/2018,0.06,0,0,85,52
6/19/2018,0,0,0,74,51
6/20/2018,0,0,0,72,50
6/21/2018,0,0,0,79,58
6/22/2018,0,0,0,81,54
6/23/2018,0,0,0,81,54
6/24/2018,0,0,0,87,51
6/25/2018,0,0,0,77,53
6/26/2018,0,0,0,86,56
6/27/2018,0,0,0,90,58
6/28/2018,0,0,0,94,63
6/29/2018,0,0,0,92,56
6/30/2018,0,0,0,76,53
7/1/2018,0,0,0,76,52
7/2/2018,0,0,0,82,54
7/3/2018,0,0,0,88,57
7/4/2018,0,0,0,77,52
7/5/2018,0,0,0,89,60
7/6/2018,0,0,0,98,67
7/7/2018,0,0,0,98,67
7/8/2018,0,0,0,95,64
7/9/2018,0,0,0,97,71
7/10/2018,0,0,0,96,70
7/11/2018,0,0,0,95,67
7/12/2018,0,0,0,92,64
7/13/2018,0,0,0,92,62
7/14/2018,0,0,0,94,65
7/15/2018,0,0,0,87,62
7/16/2018,0,0,0,95,67
7/17/2018,0.01,0,0,94,63
7/18/2018,0,0,0,91,59
7/19/2018,0,0,0,94,61
7/20/2018,0,0,0,94,66
7/21/2018,0,0,0,94,70
7/22/2018,0,0,0,94,72
7/23/2018,0,0,0,83,62
7/24/2018,0,0,0,91,63
7/25/2018,0,0,0,96,69
7/26/2018,0.01,0,0,92,64
7/27/2018,0,0,0,94,63
7/28/2018,0,0,0,93,62
7/29/2018,0,0,0,95,59
7/30/2018,0,0,0,92,63
7/31/2018,0,0,0,92,63
8/1/2018,0,0,0,94,69
8/2/2018,0,0,0,,
8/3/2018,0.11,0,0,,
8/4/2018,0,0,0,89,58
8/5/2018,0,0,0,87,61
8/6/2018,0,0,0,87,56
8/7/2018,0,0,0,87,57
8/8/2018,0,0,0,89,59
8/9/2018,0,0,0,92,61
8/10/2018,0,0,0,96,69
8/11/2018,0,0,0,97,67
8/12/2018,0,0,0,96,67
8/13/2018,0,0,0,94,66
8/14/2018,0,0,0,93,64
8/15/2018,0,0,0,91,58
8/16/2018,0,0,0,92,65
8/17/2018,0,0,0,90,61
8/18/2018,0,0,0,92,59
8/19/2018,0,0,0,84,55
8/20/2018,0,0,0,85,60
8/21/2018,0,0,0,85,61
8/22/2018,0,0,0,82,55
8/23/2018,0.19,0,0,79,53
8/24/2018,0,0,0,83,57
8/25/2018,0,0,0,88,56
8/26/2018,0,0,0,86,54
8/27/2018,0,0,0,81,59
8/28/2018,0.02,0,0,70,46
8/29/2018,0,0,0,73,48
8/30/2018,0,0,0,,
8/31/2018,0,0,0,86,58
9/1/2018,0,0,0,82,52
9/2/2018,0,0,0,81,52
9/3/2018,0,0,0,83,54
9/4/2018,0,0,0,85,54
9/5/2018,0,0,0,85,57
9/6/2018,0,0,0,87,58
9/7/2018,0,0,0,86,60
9/8/2018,0,0,0,88,57
9/9/2018,0,0,0,87,54
9/10/2018,0,0,0,84,56
9/11/2018,0,0,0,84,55
9/12/2018,0,0,0,83,54
9/13/2018,0,0,0,77,48
9/14/2018,0,0,0,81,49
9/15/2018,0,0,0,87,57
9/16/2018,0,0,0,88,56
9/17/2018,0,0,0,84,52
9/18/2018,0,0,0,83,55
9/19/2018,0,0,0,83,49
9/20/2018,0,0,0,71,45
9/21/2018,0,0,0,79,47
9/22/2018,0,0,0,77,45
9/23/2018,0,0,0,82,51
9/24/2018,0,0,0,79,45
9/25/2018,0,0,0,67,40
9/26/2018,0,0,0,66,40
9/27/2018,0,0,0,69,40
9/28/2018,0,0,0,75,44
9/29/2018,0,0,0,80,49
9/30/2018,0,0,0,83,56
10/1/2018,0,0,0,76,46
10/2/2018,0,0,0,75,47
10/3/2018,0.37,0,0,78,55
10/4/2018,0.79,0,0,72,51
10/5/2018,0.73,0,0,58,42
10/6/2018,0,0,0,56,41
10/7/2018,0,0,0,53,41
10/8/2018,0,0,0,54,38
10/9/2018,0,0,0,57,37
10/10/2018,0.71,0,0,49,37
10/11/2018,0,0,0,47,38
10/12/2018,0,0,0,52,34
10/13/2018,0,0,0,54,34
10/14/2018,0,0,0,57,26
10/15/2018,0,0,0,43,25
10/16/2018,0,0,0,47,25
10/17/2018,0,0,0,58,32
10/18/2018,0,0,0,64,41
10/19/2018,0,0,0,60,38
10/20/2018,0,0,0,63,38
10/21/2018,0,0,0,66,40
10/22/2018,0,0,0,67,44
10/23/2018,0.14,0,0,66,46
10/24/2018,0.07,0,0,59,41
10/25/2018,0.02,0,0,64,41
10/26/2018,0,0,0,54,39
10/27/2018,0,0,0,62,39
10/28/2018,0,0,0,67,45
10/29/2018,0,0,0,70,46
10/30/2018,0,0,0,53,31
10/31/2018,0,0,0,49,27
11/1/2018,0.02,0,0,45,28
11/2/2018,0.07,0,0,49,37
11/3/2018,0,0,0,58,32
11/4/2018,0,0,0,48,32
11/5/2018,0.1,0,0,45,36
11/6/2018,0,0,0,48,37
11/7/2018,0.01,0,0,43,28
11/8/2018,0,0,0,43,23
11/9/2018,0,0,0,41,21
11/10/2018,0,0,0,42,21
11/11/2018,0,0,0,45,22
11/12/2018,0,0,0,39,19
11/13/2018,0,0,0,37,19
11/14/2018,0,0,0,41,21
11/15/2018,0,0,0,47,25
11/16/2018,0,0,0,49,27
11/17/2018,0.18,1.4,1,50,29
11/18/2018,0,0,0,42,20
11/19/2018,0,0,0,39,20
11/20/2018,0,0,0,40,21
11/21/2018,0,0,0,44,22
11/22/2018,0.01,0,0,44,22
11/23/2018,0.06,0,0,42,33
11/24/2018,0.28,0,0,42,32
11/25/2018,0,0,0,38,28
11/26/2018,0,0,0,38,19
11/27/2018,0,0,0,39,19
11/28/2018,0,0,0,39,28
11/29/2018,0.47,1.9,2,37,30
11/30/2018,0.17,0.5,2,33,29
12/1/2018,0.12,0.5,1,40,28
12/2/2018,0,0,1,34,25
12/3/2018,0.23,3.5,4,28,24
12/4/2018,0.04,0.7,4,38,11
12/5/2018,0.09,0.5,5,20,6
12/6/2018,0,0,4,22,10
12/7/2018,0,0,4,27,16
12/8/2018,0,0,4,26,18
12/9/2018,0,0,4,33,23
12/10/2018,0,0,4,32,19
12/11/2018,0,0,4,30,20
12/12/2018,0.03,0.6,4,33,22
12/13/2018,0,0,4,31,16
12/14/2018,0,0,4,29,14
12/15/2018,0,0,4,25,10
12/16/2018,0,0,3,40,16
12/17/2018,0,0,3,34,20
12/18/2018,0,0,3,39,21
12/19/2018,0,0,3,44,32
12/20/2018,0,0,0,41,28
12/21/2018,0,0,0,39,27
12/22/2018,0.11,0.8,1,40,22
12/23/2018,0,0,1,31,19
12/24/2018,0.12,1.7,3,30,20
12/25/2018,0.05,0.5,4,32,26
12/26/2018,0.01,0.1,3,34,24
12/27/2018,0.01,0.4,3,30,16
12/28/2018,0.06,0.8,3,23,16
12/29/2018,0,0,3,24,7
12/30/2018,0.01,0.1,4,23,10
12/31/2018,0.15,1.9,6,34,15
1/1/2019,0,0,5,23,3
1/2/2019,0,0,5,15,1
1/3/2019,0,0,4,19,5
1/4/2019,0,0,4,25,9
1/5/2019,0,0,4,26,7
1/6/2019,0.4,6.9,11,33,9
1/7/2019,0.27,3,12,36,28
1/8/2019,0.01,0.1,11,37,19
1/9/2019,0,0,11,31,18
1/10/2019,0,0,10,37,18
1/11/2019,0.01,0.2,9,31,23
1/12/2019,0,0,9,36,22
1/13/2019,0,0,9,27,16
1/14/2019,0.01,0.1,8,22,11
1/15/2019,0,0,8,18,6
1/16/2019,0.12,2.3,10,23,8
1/17/2019,0.03,0,9,42,22
1/18/2019,0.9,1.2,8,44,31
1/19/2019,0,0,8,35,25
1/20/2019,0,0,8,35,26
1/21/2019,0.38,2.1,10,44,30
1/22/2019,0.02,0.3,10,32,16
1/23/2019,0.01,0.1,10,28,14
1/24/2019,0.01,0.1,10,29,18
1/25/2019,0,0,9,36,27
1/26/2019,0,0,9,39,22
1/27/2019,0,0,9,36,20
1/28/2019,0,0,9,37,21
1/29/2019,0,0,9,36,16
1/30/2019,0,0,9,31,14
1/31/2019,0,0,9,29,12
2/1/2019,0,0,9,33,14
2/2/2019,0,0,8,36,17
2/3/2019,0.22,0,5,45,29
2/4/2019,0.09,0,4,43,34
2/5/2019,0.05,0,3,43,36
2/6/2019,0.19,2,5,37,21
2/7/2019,0.06,1.2,6,23,16
2/8/2019,0,0,4,23,6
2/9/2019,0,0,4,23,8
2/10/2019,0,0,4,33,12
2/11/2019,0.29,4,8,40,15
2/12/2019,0,0,7,25,14
2/13/2019,0,0,6,36,14
2/14/2019,0.75,1.7,8,38,31
2/15/2019,0.26,0,6,48,36
2/16/2019,0.19,2,7,48,24
2/17/2019,0.03,0.6,7,34,22
2/18/2019,0,0,6,30,20
2/19/2019,0.01,0.3,5,27,12
2/20/2019,0.01,0.2,6,22,12
2/21/2019,0,0,6,29,12
2/22/2019,0,0,6,27,12
2/23/2019,0,0,5,25,10
2/24/2019,0,0,5,33,10
2/25/2019,0.03,0,5,44,28
2/26/2019,0,0,2,50,35
2/27/2019,0,0,1,49,39
2/28/2019,0,0,0,49,32
3/1/2019,0.01,0,0,50,28
3/2/2019,0.16,2.5,3,39,26
3/3/2019,0,0,1,33,17
3/4/2019,0,0,0,35,15
3/5/2019,0,0,0,35,14
3/6/2019,0,0,0,39,26
3/7/2019,1.13,0,0,45,32
3/8/2019,0.12,0.4,0,46,31
3/9/2019,0.1,1,1,37,24
3/10/2019,0,0,0,35,24
3/11/2019,0,0,0,39,24
3/12/2019,0,0,0,45,26
3/13/2019,0.01,0.8,0,47,25
3/14/2019,0.36,5.5,6,28,21
3/15/2019,0,0,0,36,19
3/16/2019,0,0,0,41,19
3/17/2019,0,0,0,48,25
3/18/2019,0,0,0,53,28
3/19/2019,0,0,0,52,29
3/20/2019,0,0,0,54,30
3/21/2019,0,0,0,52,35
3/22/2019,0.53,0,0,53,32
3/23/2019,0.15,0,0,42,33
3/24/2019,0.22,0,0,48,36
3/25/2019,0.17,0,0,40,31
3/26/2019,0,0,0,54,31
3/27/2019,0,0,0,62,39
3/28/2019,0,0,0,64,37
3/29/2019,0.28,0,0,53,33
3/30/2019,0.23,0,0,41,32
3/31/2019,0,0,0,49,29
4/1/2019,0,0,0,52,33
4/2/2019,0,0,0,54,38
4/3/2019,0.26,0,0,51,38
4/4/2019,0.12,0,0,52,38
4/5/2019,0,0,0,63,44
4/6/2019,0.51,0,0,62,39
4/7/2019,0,0,0,53,37
4/8/2019,0,0,0,60,41
4/9/2019,0.01,0,0,66,47
4/10/2019,0.69,1.4,1,49,31
4/11/2019,0.02,0,0,43,32
4/12/2019,0.1,0,0,45,33
4/13/2019,0.01,0,0,47,34
4/14/2019,0.01,0,0,50,37
4/15/2019,0.41,0,0,51,39
4/16/2019,0.48,0,0,53,40
4/17/2019,0.25,0,0,49,33
4/18/2019,0,0,0,53,37
4/19/2019,0,0,0,63,41
4/20/2019,0,0,0,73,48
4/21/2019,0.41,0,0,74,47
4/22/2019,0.2,0,0,53,45
4/23/2019,0,0,0,60,39
4/24/2019,0,0,0,67,46
4/25/2019,0.1,0,0,68,43
4/26/2019,0.17,0,0,68,46
4/27/2019,0,0,0,68,39
4/28/2019,0,0,0,65,45
4/29/2019,0,0,0,50,32
4/30/2019,0.01,0,0,55,33
5/1/2019,0.25,1,1,44,31
5/2/2019,0.01,0,0,49,33
5/3/2019,0,0,0,59,38
5/4/2019,0,0,0,62,40
5/5/2019,0,0,0,69,45
5/6/2019,0,0,0,73,47
5/7/2019,0,0,0,73,47
5/8/2019,0.09,0,0,57,43
5/9/2019,0.05,0,0,59,41
5/10/2019,0,0,0,51,40
5/11/2019,0,0,0,62,40
5/12/2019,0,0,0,71,45
5/13/2019,0,0,0,75,48
5/14/2019,0,0,0,80,51
5/15/2019,0,0,0,80,52
5/16/2019,0.03,0,0,78,59
5/17/2019,0.61,0,0,73,41
5/18/2019,0.26,0,0,48,41
5/19/2019,0.07,0,0,56,42
5/20/2019,0.05,0,0,57,42
5/21/2019,0.02,0,0,58,41
5/22/2019,0.52,0,0,48,40
5/23/2019,0,0,0,54,40
5/24/2019,0.49,0,0,52,40
5/25/2019,0,0,0,59,42
5/26/2019,0.13,0,0,69,45
5/27/2019,0.07,0,0,73,45
5/28/2019,0.22,0,0,55,44
5/29/2019,0.34,0,0,60,47
5/30/2019,0,0,0,69,54
5/31/2019,0,0,0,73,48
6/1/2019,0,0,0,73,51
6/2/2019,0,0,0,75,53
6/3/2019,0,0,0,75,50
6/4/2019,0,0,0,77,51
6/5/2019,0.01,0,0,80,51
6/6/2019,0,0,0,80,55
6/7/2019,0.14,0,0,84,56
6/8/2019,0.05,0,0,72,38
6/9/2019,0,0,0,57,36
6/10/2019,0,0,0,65,44
6/11/2019,0,0,0,74,47
6/12/2019,0,0,0,78,55
6/13/2019,0,0,0,81,54
6/14/2019,0.02,0,0,84,56
6/15/2019,0,0,0,81,53
6/16/2019,0,0,0,82,54
6/17/2019,0,0,0,83,55
6/18/2019,0,0,0,81,52
6/19/2019,0,0,0,80,55
6/20/2019,0,0,0,82,53
6/21/2019,0,0,0,74,37
6/22/2019,0,0,0,62,41
6/23/2019,0,0,0,65,44
6/24/2019,0,0,0,73,53
6/25/2019,0,0,0,78,55
6/26/2019,0,0,0,82,57
6/27/2019,0,0,0,87,60
6/28/2019,0,0,0,86,56
6/29/2019,0,0,0,89,52
6/30/2019,0,0,0,86,62
7/1/2019,0,0,0,82,57
7/2/2019,0,0,0,89,62
7/3/2019,0,0,0,90,56
7/4/2019,0,0,0,84,56
7/5/2019,0.02,0,0,74,50
7/6/2019,0,0,0,80,56
7/7/2019,0,0,0,89,61
7/8/2019,0,0,0,89,60
7/9/2019,0,0,0,82,52
7/10/2019,0,0,0,83,58
7/11/2019,0,0,0,92,62
7/12/2019,0,0,0,95,62
7/13/2019,0,0,0,94,66
7/14/2019,0,0,0,89,62
7/15/2019,0.01,0,0,94,63
7/16/2019,0,0,0,92,60
7/17/2019,0,0,0,91,59
7/18/2019,0,0,0,87,61
7/19/2019,0,0,0,91,60
7/20/2019,0,0,0,91,59
7/21/2019,0,0,0,90,62
7/22/2019,0,0,0,93,68
7/23/2019,0,0,0,98,71
7/24/2019,0,0,0,96,65
7/25/2019,0,0,0,88,62
7/26/2019,0,0,0,90,65
7/27/2019,0.45,0,0,85,63
7/28/2019,0,0,0,82,58
7/29/2019,0,0,0,89,65
7/30/2019,0,0,0,92,61
7/31/2019,0,0,0,94,67
8/1/2019,0,0,0,90,62
8/2/2019,0,0,0,88,61
8/3/2019,0,0,0,92,64
8/4/2019,0,0,0,95,65
8/5/2019,0.01,0,0,94,65
8/6/2019,0,0,0,94,65
8/7/2019,0,0,0,95,66
8/8/2019,0,0,0,84,63
8/9/2019,0.14,0,0,77,56
8/10/2019,0,0,0,85,58
8/11/2019,0,0,0,89,62
8/12/2019,0,0,0,83,53
8/13/2019,0,0,0,82,55
8/14/2019,0,0,0,87,59
8/15/2019,0,0,0,90,59
8/16/2019,0,0,0,90,58
8/17/2019,0,0,0,86,55
8/18/2019,0,0,0,86,55
8/19/2019,0,0,0,89,60
8/20/2019,0,0,0,92,61
8/21/2019,0,0,0,92,60
8/22/2019,0,0,0,93,62
8/23/2019,0,0,0,86,54
8/24/2019,0,0,0,82,56
8/25/2019,0,0,0,88,60
8/26/2019,0,0,0,89,56
8/27/2019,0,0,0,80,51
8/28/2019,0,0,0,83,55
8/29/2019,0,0,0,89,60
8/30/2019,0.04,0,0,89,62
8/31/2019,0,0,0,90,62
9/1/2019,0,0,0,91,61
9/2/2019,0,0,0,93,60
9/3/2019,0,0,0,93,64
9/4/2019,0,0,0,88,62
9/5/2019,0,0,0,92,65
9/6/2019,0,0,0,90,66
9/7/2019,0,0,0,78,54
9/8/2019,0.27,0,0,82,58
9/9/2019,0.6,0,0,70,47
9/10/2019,0,0,0,74,51
9/11/2019,0.84,0,0,66,46
9/12/2019,0.09,0,0,62,44
9/13/2019,0,0,0,69,46
9/14/2019,0,0,0,76,50
9/15/2019,0,0,0,84,55
9/16/2019,0,0,0,86,60
9/17/2019,0.12,0,0,83,48
9/18/2019,0,0,0,65,44
9/19/2019,0,0,0,75,43
9/20/2019,0.11,0,0,71,45
9/21/2019,0.27,0,0,52,44
9/22/2019,0,0,0,57,40
9/23/2019,0,0,0,68,44
9/24/2019,0,0,0,73,47
9/25/2019,0,0,0,72,50
9/26/2019,0,0,0,72,45
9/27/2019,0,0,0,75,49
9/28/2019,0.25,0,0,68,49
9/29/2019,1.7,0,0,51,36
9/30/2019,0.05,0,0,43,33
10/1/2019,0,0,0,53,33
10/2/2019,0,0,0,56,37
10/3/2019,0,0,0,54,34
10/4/2019,0,0,0,64,40
10/5/2019,0.05,0,0,56,33
10/6/2019,0,0,0,53,34
10/7/2019,0,0,0,58,35
10/8/2019,0,0,0,65,38
10/9/2019,0,0,0,70,43
10/10/2019,0,0,0,44,19
10/11/2019,0,0,0,38,21
10/12/2019,0,0,0,46,24
10/13/2019,0,0,0,56,31
10/14/2019,0,0,0,62,35
10/15/2019,0,0,0,65,37
10/16/2019,0,0,0,66,38
10/17/2019,0,0,0,72,43
10/18/2019,0.27,0,0,70,35
10/19/2019,0,0,0,52,36
10/20/2019,0.13,0,0,49,32
10/21/2019,0,0,0,43,35
10/22/2019,0,0,0,50,41
10/23/2019,0,0,0,54,40
10/24/2019,0,0,0,51,28
10/25/2019,0,0,0,49,29
10/26/2019,0,0,0,56,32
10/27/2019,0.04,1.3,1,56,22
10/28/2019,0,0,0,33,14
10/29/2019,0.13,2,2,31,14
10/30/2019,0,0,1,21,3
10/31/2019,0,0,1,27,3
11/1/2019,0,0,0,36,14
11/2/2019,0,0,0,44,22
11/3/2019,0,0,0,47,23
11/4/2019,0,0,0,50,28
11/5/2019,0,0,0,53,30
11/6/2019,0,0,0,57,33
11/7/2019,0,0,0,58,35
11/8/2019,0,0,0,56,33
11/9/2019,0,0,0,58,34
11/10/2019,0,0,0,59,35
11/11/2019,0,0,0,59,34
11/12/2019,0,0,0,50,28
11/13/2019,0,0,0,50,30
11/14/2019,0,0,0,56,36
11/15/2019,0,0,0,54,35
11/16/2019,0,0,0,61,38
11/17/2019,0,0,0,52,29
11/18/2019,0,0,0,51,30
11/19/2019,0,0,0,55,36
11/20/2019,0,0,0,61,31
11/21/2019,0,0,0,44,33
11/22/2019,0,0,0,41,32
11/23/2019,0,0,0,39,31
11/24/2019,0,0,0,44,26
11/25/2019,0.17,2.3,2,41,27
11/26/2019,0.01,0.4,2,31,13
11/27/2019,0,0,2,32,13
11/28/2019,0.58,9,10,31,25
11/29/2019,0.03,0.2,8,35,28
11/30/2019,0.34,4.2,10,33,23
12/1/2019,0,0,8,33,13
12/2/2019,0,0,7,25,13
12/3/2019,0.03,0.3,6,31,22
12/4/2019,0,0,4,39,22
12/5/2019,0.24,1.7,6,27,22
12/6/2019,0.02,0,5,34,27
12/7/2019,0,0,4,39,23
12/8/2019,0.16,0,3,43,22
12/9/2019,0.11,0,3,38,32
12/10/2019,0,0,2,38,31
12/11/2019,0,0,1,42,23
12/12/2019,0.02,0,1,39,23
12/13/2019,0.2,0.1,0,41,32
12/14/2019,0.29,2.7,3,40,30
12/15/2019,0,0,2,33,15
12/16/2019,0.04,0.9,3,25,13
12/17/2019,0,0,2,,
12/18/2019,0,0,2,,
12/19/2019,0,0,2,,
12/20/2019,0,0,2,29,
12/21/2019,0,0,2,34,17
12/22/2019,0,0,2,37,17
12/23/2019,0,0,2,42,22
12/24/2019,0,0,1,43,25
12/25/2019,0.07,0.6,1,43,29
12/26/2019,0,0.2,1,33,24
12/27/2019,0,0,1,28,20
12/28/2019,0.02,0.7,2,23,
12/29/2019,0,0.5,2,24,10
12/30/2019,0.09,2,3,20,13
12/31/2019,0,0,3,28,4
1/1/2020,0.15,1.8,4,27,7
1/2/2020,0.18,0.8,4,35,27
1/3/2020,0,0,4,35,27
1/4/2020,0,0,4,40,25
1/5/2020,0,0,4,37,21
1/6/2020,0.01,0.3,4,32,21
1/7/2020,0,0,4,40,27
1/8/2020,0.05,0.9,4,44,23
1/9/2020,0.05,0.8,5,35,25
1/10/2020,0.02,0.2,5,32,18
1/11/2020,0,0.1,5,30,16
1/12/2020,0.13,2.4,7,29,19
1/13/2020,0.16,3,9,33,24
1/14/2020,0.14,2.7,10,36,24
1/15/2020,0.09,1.3,10,35,24
1/16/2020,0,0,9,33,18
1/17/2020,0.24,2.7,11,43,18
1/18/2020,0,0,10,36,15
1/19/2020,0,0,10,33,14
1/20/2020,0,0,9,30,11
1/21/2020,0,0,9,28,14
1/22/2020,0.12,0.5,9,38,21
1/23/2020,0,0,8,42,32
1/24/2020,0,0,7,39,30
1/25/2020,0.01,0,7,37,31
1/26/2020,0,0,7,43,29
1/27/2020,0.27,0.8,6,41,28
1/28/2020,0,0,6,40,28
1/29/2020,0.03,0.3,6,39,30
1/30/2020,0.07,0.8,6,42,29
1/31/2020,0,0,5,40,19
2/1/2020,0,0,5,33,23
2/2/2020,0,0,5,43,27
2/3/2020,0.34,7.4,12,47,18
2/4/2020,0.03,0.5,10,22,8
2/5/2020,0.02,0.8,9,21,8
2/6/2020,0.17,1.6,10,24,13
2/7/2020,0.08,0,8,41,23
2/8/2020,0.03,0,7,43,32
2/9/2020,0,0,7,44,20
2/10/2020,0,0,7,35,16
2/11/2020,0.03,0.5,7,28,9
2/12/2020,0,0,7,29,8
2/13/2020,0,0,7,38,25
2/14/2020,0,0,6,41,22
2/15/2020,0,0,6,43,22
2/16/2020,0.12,0.2,6,40,24
2/17/2020,0.11,0.4,6,38,23
2/18/2020,0,0,6,35,11
2/19/2020,0,0,6,31,8
2/20/2020,0,0,6,27,7
2/21/2020,0,0,6,28,10
2/22/2020,0,0,5,35,12
2/23/2020,0,0,5,38,18
2/24/2020,0,0,5,47,19
2/25/2020,0,0,5,34,14
2/26/2020,0,0,5,34,14
2/27/2020,0,0,3,37,16
2/28/2020,0,0,2,44,24
2/29/2020,0,0,2,47,27
3/1/2020,0.36,4.3,5,54,27
3/2/2020,0,0,4,36,19
3/3/2020,0,0,3,39,19
3/4/2020,0,0,2,42,28
3/5/2020,0,0,0,52,29
3/6/2020,0,0,0,54,34
3/7/2020,0,0,0,56,40
3/8/2020,0.26,0,0,62,35
3/9/2020,0.02,0,0,49,34
3/10/2020,0.04,0,0,50,35
3/11/2020,0,0,0,54,32
3/12/2020,0,0,0,56,34
3/13/2020,0,0,0,49,27
3/14/2020,0,0,0,53,29
3/15/2020,0,0,0,55,37
3/16/2020,0.01,0,0,59,37
3/17/2020,0,0,0,57,38
3/18/2020,0.21,0,0,60,35
3/19/2020,0.05,0,0,48,36
3/20/2020,0.08,0,0,42,36
3/21/2020,0,0,0,49,32
3/22/2020,0,0,0,52,35
3/23/2020,0,0,0,53,34
3/24/2020,0.15,0,0,57,37
3/25/2020,0.84,0,0,50,31
3/26/2020,0.05,0,0,43,30
3/27/2020,0,0,0,42,20
3/28/2020,0,0,0,43,22
3/29/2020,0,0,0,46,29
3/30/2020,0,0,0,52,32
3/31/2020,0.07,0,0,53,37
4/1/2020,0,0,0,60,36
4/2/2020,0.12,0.3,0,44,25
4/3/2020,0.01,0,0,37,21
4/4/2020,0,0,0,48,25
4/5/2020,0.02,0,0,56,29
4/6/2020,0,0,0,57,37
4/7/2020,0.02,0,0,54,37
4/8/2020,0,0,0,62,38
4/9/2020,0,0,0,65,41
4/10/2020,0,0,0,70,39
4/11/2020,0,0,0,63,43
4/12/2020,0,0,0,58,33
4/13/2020,0,0,0,43,25
4/14/2020,0,0,0,41,24
4/15/2020,0.01,0,0,50,30
4/16/2020,0.24,0.9,1,46,27
4/17/2020,0,0,0,44,24
4/18/2020,0,0,0,53,28
4/19/2020,0,0,0,60,37
4/20/2020,0,0,0,58,37
4/21/2020,0,0,0,64,40
4/22/2020,0,0,0,67,43
4/23/2020,0.1,0,0,65,49
4/24/2020,0.1,0,0,58,39
4/25/2020,0,0,0,60,40
4/26/2020,0,0,0,66,46
4/27/2020,0,0,0,70,46
4/28/2020,0,0,0,73,45
4/29/2020,0,0,0,72,46
4/30/2020,0,0,0,78,54
5/1/2020,0,0,0,72,49
5/2/2020,0,0,0,66,46
5/3/2020,0,0,0,74,49
5/4/2020,0,0,0,65,40
5/5/2020,0,0,0,62,39
5/6/2020,0,0,0,70,47
5/7/2020,0,0,0,76,37
5/8/2020,0,0,0,59,41
5/9/2020,0,0,0,68,43
5/10/2020,0,0,0,70,45
5/11/2020,0,0,0,78,50
5/12/2020,0,0,0,80,54
5/13/2020,0.06,0,0,72,45
5/14/2020,0.03,0,0,62,44
5/15/2020,0,0,0,63,45
5/16/2020,0,0,0,62,40
5/17/2020,0,0,0,67,45
5/18/2020,0,0,0,82,52
5/19/2020,0,0,0,83,47
5/20/2020,0.02,0,0,77,44
5/21/2020,0.31,0,0,57,40
5/22/2020,0,0,0,64,43
5/23/2020,0.52,0,0,63,32
5/24/2020,0.01,0,0,49,36
5/25/2020,0,0,0,60,39
5/26/2020,0,0,0,68,44
5/27/2020,0,0,0,75,60
5/28/2020,0,0,0,78,52
5/29/2020,0,0,0,82,57
5/30/2020,0,0,0,90,63
5/31/2020,0,0,0,93,63
6/1/2020,0,0,0,86,57
6/2/2020,0,0,0,86,53
6/3/2020,0,0,0,83,55
6/4/2020,0,0,0,86,54
6/5/2020,0,0,0,83,58
6/6/2020,0,0,0,92,63
6/7/2020,0.9,0,0,74,45
6/8/2020,0.08,0,0,52,38
6/9/2020,0.1,0,0,52,36
6/10/2020,0,0,0,65,42
6/11/2020,0,0,0,75,49
6/12/2020,0,0,0,85,57
6/13/2020,0,0,0,90,60
6/14/2020,0,0,0,78,46
6/15/2020,0,0,0,70,48
6/16/2020,0.28,0,0,79,52
6/17/2020,1.1,0,0,58,42
6/18/2020,0.01,0,0,54,40
6/19/2020,0,0,0,67,46
6/20/2020,0,0,0,74,49
6/21/2020,0,0,0,78,54
6/22/2020,0,0,0,80,54
6/23/2020,0,0,0,81,56
6/24/2020,0,0,0,85,58
6/25/2020,0,0,0,88,62
6/26/2020,0,0,0,76,57
6/27/2020,0,0,0,85,58
6/28/2020,0.02,0,0,89,60
6/29/2020,0.42,0,0,70,41
6/30/2020,0.13,0,0,60,42
7/1/2020,0.02,0,0,62,47
7/2/2020,0,0,0,81,50
7/3/2020,0,0,0,84,59
7/4/2020,0,0,0,89,61
7/5/2020,0,0,0,90,56
7/6/2020,0,0,0,89,57
7/7/2020,0,0,0,91,60
7/8/2020,0,0,0,87,54
7/9/2020,0,0,0,82,56
7/10/2020,0,0,0,88,58
7/11/2020,0,0,0,89,60
7/12/2020,0,0,0,93,61
7/13/2020,0,0,0,92,61
7/14/2020,0,0,0,86,55
7/15/2020,0,0,0,82,54
7/16/2020,0,0,0,86,57
7/17/2020,0,0,0,90,61
7/18/2020,0,0,0,95,61
7/19/2020,0,0,0,90,60
7/20/2020,0,0,0,89,57
7/21/2020,0,0,0,89,60
7/22/2020,0,0,0,92,63
7/23/2020,0.1,0,0,79,58
7/24/2020,0.01,0,0,89,61
7/25/2020,0,0,0,87,60
7/26/2020,0,0,0,90,60
7/27/2020,0,0,0,92,63
7/28/2020,0.02,0,0,94,63
7/29/2020,0.15,0,0,84,55
7/30/2020,0,0,0,87,58
7/31/2020,0,0,0,94,65
8/12/2020,0,0,0,89,60
8/13/2020,0,0,0,88,59
8/14/2020,0,0,0,89,57
8/30/2020,0,0,0,88,57
8/31/2020,0,0,0,82,46
